chrom,endLength,startLength,id
chr1_pat_hsa1,0,0,PR00251.hap2
chr2_mat_hsa3,0,6940,PR00251.hap2
chr3_pat_hsa4,0,8333,PR00251.hap2
chr4_mat_hsa5,5866,0,PR00251.hap2
chr5_pat_hsa6,8038,3647,PR00251.hap2
chr6_mat_hsa7,13258,8522,PR00251.hap2
chr7_pat_hsa8,11808,8135,PR00251.hap2
chr8_mat_hsa10,0,0,PR00251.hap2
chr9_pat_hsa11,4095,4993,PR00251.hap2
chr10_mat_hsa12,10856,8770,PR00251.hap2
chr11_mat_hsa9,11886,11121,PR00251.hap2
chr12_mat_hsa2a,5059,3248,PR00251.hap2
chr13_mat_hsa2b,5527,2606,PR00251.hap2
chr14_pat_hsa13,5745,4463,PR00251.hap2
chr15_mat_hsa14,0,0,PR00251.hap2
chr16_pat_hsa15,2427,5922,PR00251.hap2
chr17_mat_hsa18,0,0,PR00251.hap2
chr18_pat_hsa16,3489,4630,PR00251.hap2
chr19_pat_hsa17,0,0,PR00251.hap2
chr20_pat_hsa19,0,8127,PR00251.hap2
chr21_mat_hsa20,5005,8813,PR00251.hap2
chr22_pat_hsa21,0,0,PR00251.hap2
chr23_pat_hsa22,0,0,PR00251.hap2
chr1_pat_hsa1,8921,2328,PR00445.hap1
chr2_mat_hsa3,12447,5768,PR00445.hap1
chr3_pat_hsa4,0,0,PR00445.hap1
chr4_mat_hsa5,9315,11987,PR00445.hap1
chr5_pat_hsa6,0,5795,PR00445.hap1
chr6_mat_hsa7,8211,0,PR00445.hap1
chr7_pat_hsa8,11519,0,PR00445.hap1
chr8_mat_hsa10,0,3204,PR00445.hap1
chr9_pat_hsa11,0,5538,PR00445.hap1
chr10_mat_hsa12,0,0,PR00445.hap1
chr11_mat_hsa9,7499,7194,PR00445.hap1
chr12_mat_hsa2a,11052,5496,PR00445.hap1
chr13_mat_hsa2b,0,0,PR00445.hap1
chr14_pat_hsa13,0,0,PR00445.hap1
chr15_mat_hsa14,8791,0,PR00445.hap1
chr16_pat_hsa15,14498,0,PR00445.hap1
chr17_mat_hsa18,0,0,PR00445.hap1
chr18_pat_hsa16,0,0,PR00445.hap1
chr19_pat_hsa17,0,0,PR00445.hap1
chr20_pat_hsa19,0,2346,PR00445.hap1
chr21_mat_hsa20,4890,5622,PR00445.hap1
chr22_pat_hsa21,0,0,PR00445.hap1
chr23_pat_hsa22,7000,0,PR00445.hap1
chr1_pat_hsa1,0,0,AG05253_1.hap2
chr2_mat_hsa3,4556,2414,AG05253_1.hap2
chr3_pat_hsa4,0,4203,AG05253_1.hap2
chr4_mat_hsa5,8752,0,AG05253_1.hap2
chr5_pat_hsa6,0,5241,AG05253_1.hap2
chr6_mat_hsa7,0,2505,AG05253_1.hap2
chr7_pat_hsa8,2953,0,AG05253_1.hap2
chr8_mat_hsa10,1652,0,AG05253_1.hap2
chr9_pat_hsa11,5533,4177,AG05253_1.hap2
chr10_mat_hsa12,3824,0,AG05253_1.hap2
chr11_mat_hsa9,2371,0,AG05253_1.hap2
chr12_mat_hsa2a,1527,0,AG05253_1.hap2
chr13_mat_hsa2b,7555,0,AG05253_1.hap2
chr14_pat_hsa13,5014,0,AG05253_1.hap2
chr15_mat_hsa14,0,0,AG05253_1.hap2
chr16_pat_hsa15,7922,0,AG05253_1.hap2
chr17_mat_hsa18,0,0,AG05253_1.hap2
chr18_pat_hsa16,6978,0,AG05253_1.hap2
chr19_pat_hsa17,2713,0,AG05253_1.hap2
chr20_pat_hsa19,1309,0,AG05253_1.hap2
chr21_mat_hsa20,0,4424,AG05253_1.hap2
chr22_pat_hsa21,0,0,AG05253_1.hap2
chr23_pat_hsa22,3829,0,AG05253_1.hap2
chr1_pat_hsa1,13689,0,PR00249.hap1
chr2_mat_hsa3,0,14099,PR00249.hap1
chr3_pat_hsa4,0,14137,PR00249.hap1
chr4_mat_hsa5,5485,9975,PR00249.hap1
chr5_pat_hsa6,2102,0,PR00249.hap1
chr6_mat_hsa7,14314,0,PR00249.hap1
chr7_pat_hsa8,0,0,PR00249.hap1
chr8_mat_hsa10,0,14308,PR00249.hap1
chr9_pat_hsa11,7917,0,PR00249.hap1
chr10_mat_hsa12,12624,5908,PR00249.hap1
chr11_mat_hsa9,0,4556,PR00249.hap1
chr12_mat_hsa2a,8744,14500,PR00249.hap1
chr13_mat_hsa2b,8835,0,PR00249.hap1
chr14_pat_hsa13,6979,0,PR00249.hap1
chr15_mat_hsa14,2796,7870,PR00249.hap1
chr16_pat_hsa15,0,0,PR00249.hap1
chr17_mat_hsa18,12036,0,PR00249.hap1
chr18_pat_hsa16,0,0,PR00249.hap1
chr19_pat_hsa17,5153,6473,PR00249.hap1
chr20_pat_hsa19,0,5806,PR00249.hap1
chr21_mat_hsa20,4091,0,PR00249.hap1
chr22_pat_hsa21,5459,0,PR00249.hap1
chr23_pat_hsa22,0,0,PR00249.hap1
chr1_pat_hsa1,0,0,PR00445.hap2
chr2_mat_hsa3,5941,10093,PR00445.hap2
chr3_pat_hsa4,7886,5842,PR00445.hap2
chr4_mat_hsa5,0,7548,PR00445.hap2
chr5_pat_hsa6,0,0,PR00445.hap2
chr6_mat_hsa7,11047,10951,PR00445.hap2
chr7_pat_hsa8,0,0,PR00445.hap2
chr8_mat_hsa10,0,3204,PR00445.hap2
chr9_pat_hsa11,5272,5280,PR00445.hap2
chr10_mat_hsa12,0,0,PR00445.hap2
chr11_mat_hsa9,0,4532,PR00445.hap2
chr12_mat_hsa2a,10819,0,PR00445.hap2
chr13_mat_hsa2b,2419,0,PR00445.hap2
chr14_pat_hsa13,0,9124,PR00445.hap2
chr15_mat_hsa14,0,0,PR00445.hap2
chr16_pat_hsa15,5599,0,PR00445.hap2
chr17_mat_hsa18,0,0,PR00445.hap2
chr18_pat_hsa16,0,0,PR00445.hap2
chr19_pat_hsa17,5175,0,PR00445.hap2
chr20_pat_hsa19,6517,0,PR00445.hap2
chr21_mat_hsa20,0,10901,PR00445.hap2
chr22_pat_hsa21,786,7547,PR00445.hap2
chr23_pat_hsa22,0,0,PR00445.hap2
chr1_pat_hsa1,7104,0,AG05253_1.hap1
chr2_mat_hsa3,828,0,AG05253_1.hap1
chr3_pat_hsa4,7110,3428,AG05253_1.hap1
chr4_mat_hsa5,5157,3729,AG05253_1.hap1
chr5_pat_hsa6,2464,0,AG05253_1.hap1
chr6_mat_hsa7,5150,4622,AG05253_1.hap1
chr7_pat_hsa8,6370,0,AG05253_1.hap1
chr8_mat_hsa10,0,0,AG05253_1.hap1
chr9_pat_hsa11,0,0,AG05253_1.hap1
chr10_mat_hsa12,0,3971,AG05253_1.hap1
chr11_mat_hsa9,0,0,AG05253_1.hap1
chr12_mat_hsa2a,1527,0,AG05253_1.hap1
chr13_mat_hsa2b,6236,0,AG05253_1.hap1
chr14_pat_hsa13,0,0,AG05253_1.hap1
chr15_mat_hsa14,3193,0,AG05253_1.hap1
chr16_pat_hsa15,891,4295,AG05253_1.hap1
chr17_mat_hsa18,0,0,AG05253_1.hap1
chr18_pat_hsa16,3003,3080,AG05253_1.hap1
chr19_pat_hsa17,0,0,AG05253_1.hap1
chr20_pat_hsa19,0,4219,AG05253_1.hap1
chr21_mat_hsa20,0,5084,AG05253_1.hap1
chr22_pat_hsa21,0,0,AG05253_1.hap1
chr23_pat_hsa22,0,0,AG05253_1.hap1
chr1_pat_hsa1,10558,8342,mPanPan1.hap1
chr2_mat_hsa3,11905,8737,mPanPan1.hap1
chr3_pat_hsa4,8858,14123,mPanPan1.hap1
chr4_mat_hsa5,6524,12584,mPanPan1.hap1
chr5_pat_hsa6,13208,5821,mPanPan1.hap1
chr6_mat_hsa7,10631,9044,mPanPan1.hap1
chr7_pat_hsa8,9364,10507,mPanPan1.hap1
chr8_mat_hsa10,8643,12767,mPanPan1.hap1
chr9_pat_hsa11,6251,7216,mPanPan1.hap1
chr10_mat_hsa12,9313,9636,mPanPan1.hap1
chr11_mat_hsa9,9899,6755,mPanPan1.hap1
chr12_mat_hsa2a,12377,6160,mPanPan1.hap1
chr13_mat_hsa2b,10622,7551,mPanPan1.hap1
chr14_pat_hsa13,8387,8674,mPanPan1.hap1
chr15_mat_hsa14,0,8147,mPanPan1.hap1
chr16_pat_hsa15,7868,7300,mPanPan1.hap1
chr17_mat_hsa18,6935,0,mPanPan1.hap1
chr18_pat_hsa16,7767,10627,mPanPan1.hap1
chr19_pat_hsa17,11210,7985,mPanPan1.hap1
chr20_pat_hsa19,10660,8114,mPanPan1.hap1
chr21_mat_hsa20,8778,9364,mPanPan1.hap1
chr22_pat_hsa21,9954,7005,mPanPan1.hap1
chr23_pat_hsa22,9627,7613,mPanPan1.hap1
chr1_pat_hsa1,6735,0,PR00251.hap1
chr2_mat_hsa3,13011,0,PR00251.hap1
chr3_pat_hsa4,7091,4479,PR00251.hap1
chr4_mat_hsa5,6506,0,PR00251.hap1
chr5_pat_hsa6,0,0,PR00251.hap1
chr6_mat_hsa7,8002,3845,PR00251.hap1
chr7_pat_hsa8,0,2003,PR00251.hap1
chr8_mat_hsa10,0,3138,PR00251.hap1
chr9_pat_hsa11,4638,0,PR00251.hap1
chr10_mat_hsa12,0,0,PR00251.hap1
chr11_mat_hsa9,7927,5793,PR00251.hap1
chr12_mat_hsa2a,3563,0,PR00251.hap1
chr13_mat_hsa2b,0,0,PR00251.hap1
chr14_pat_hsa13,8262,0,PR00251.hap1
chr15_mat_hsa14,4162,0,PR00251.hap1
chr16_pat_hsa15,0,0,PR00251.hap1
chr17_mat_hsa18,0,0,PR00251.hap1
chr18_pat_hsa16,0,5649,PR00251.hap1
chr19_pat_hsa17,0,0,PR00251.hap1
chr20_pat_hsa19,8811,0,PR00251.hap1
chr21_mat_hsa20,0,5497,PR00251.hap1
chr22_pat_hsa21,6256,0,PR00251.hap1
chr23_pat_hsa22,3178,3690,PR00251.hap1
chr1_pat_hsa1,0,8687,PR00249.hap2
chr2_mat_hsa3,0,11979,PR00249.hap2
chr3_pat_hsa4,14068,7503,PR00249.hap2
chr4_mat_hsa5,0,3332,PR00249.hap2
chr5_pat_hsa6,0,4853,PR00249.hap2
chr6_mat_hsa7,14852,0,PR00249.hap2
chr7_pat_hsa8,15536,0,PR00249.hap2
chr8_mat_hsa10,0,0,PR00249.hap2
chr9_pat_hsa11,11685,3082,PR00249.hap2
chr10_mat_hsa12,0,0,PR00249.hap2
chr11_mat_hsa9,0,0,PR00249.hap2
chr12_mat_hsa2a,8866,0,PR00249.hap2
chr13_mat_hsa2b,0,0,PR00249.hap2
chr14_pat_hsa13,10611,6949,PR00249.hap2
chr15_mat_hsa14,0,0,PR00249.hap2
chr16_pat_hsa15,0,0,PR00249.hap2
chr17_mat_hsa18,0,0,PR00249.hap2
chr18_pat_hsa16,0,5484,PR00249.hap2
chr19_pat_hsa17,3323,0,PR00249.hap2
chr20_pat_hsa19,0,2635,PR00249.hap2
chr21_mat_hsa20,0,13663,PR00249.hap2
chr22_pat_hsa21,5459,0,PR00249.hap2
chr23_pat_hsa22,0,5082,PR00249.hap2
chr1_pat_hsa1,8884,11603,mPanPan1.hap2
chr2_mat_hsa3,13120,8171,mPanPan1.hap2
chr3_pat_hsa4,7300,0,mPanPan1.hap2
chr4_mat_hsa5,13850,7711,mPanPan1.hap2
chr5_pat_hsa6,8464,5657,mPanPan1.hap2
chr6_mat_hsa7,11042,8523,mPanPan1.hap2
chr7_pat_hsa8,0,10998,mPanPan1.hap2
chr8_mat_hsa10,12911,8606,mPanPan1.hap2
chr9_pat_hsa11,12166,8345,mPanPan1.hap2
chr10_mat_hsa12,12115,9956,mPanPan1.hap2
chr11_mat_hsa9,10351,9726,mPanPan1.hap2
chr12_mat_hsa2a,10533,5887,mPanPan1.hap2
chr13_mat_hsa2b,13159,7441,mPanPan1.hap2
chr14_pat_hsa13,9606,0,mPanPan1.hap2
chr15_mat_hsa14,0,11023,mPanPan1.hap2
chr16_pat_hsa15,8661,6987,mPanPan1.hap2
chr17_mat_hsa18,10175,8873,mPanPan1.hap2
chr18_pat_hsa16,10369,6050,mPanPan1.hap2
chr19_pat_hsa17,9846,6362,mPanPan1.hap2
chr20_pat_hsa19,8415,7695,mPanPan1.hap2
chr21_mat_hsa20,7189,11805,mPanPan1.hap2
chr22_pat_hsa21,7423,11244,mPanPan1.hap2
chr23_pat_hsa22,5362,5383,mPanPan1.hap2
chr1_pat_hsa1,5605,7819,PR00366.hap2
chr2_mat_hsa3,11251,7688,PR00366.hap2
chr3_pat_hsa4,12307,8643,PR00366.hap2
chr4_mat_hsa5,10929,0,PR00366.hap2
chr5_pat_hsa6,4990,0,PR00366.hap2
chr6_mat_hsa7,9962,10593,PR00366.hap2
chr7_pat_hsa8,6647,7984,PR00366.hap2
chr8_mat_hsa10,4530,0,PR00366.hap2
chr9_pat_hsa11,10471,7322,PR00366.hap2
chr10_mat_hsa12,0,4242,PR00366.hap2
chr11_mat_hsa9,8074,13838,PR00366.hap2
chr12_mat_hsa2a,6965,0,PR00366.hap2
chr13_mat_hsa2b,8406,8156,PR00366.hap2
chr14_pat_hsa13,9159,0,PR00366.hap2
chr15_mat_hsa14,6422,0,PR00366.hap2
chr16_pat_hsa15,10043,6930,PR00366.hap2
chr17_mat_hsa18,11438,9611,PR00366.hap2
chr18_pat_hsa16,7506,6670,PR00366.hap2
chr19_pat_hsa17,8101,0,PR00366.hap2
chr20_pat_hsa19,8501,10649,PR00366.hap2
chr21_mat_hsa20,10504,0,PR00366.hap2
chr22_pat_hsa21,4972,0,PR00366.hap2
chr23_pat_hsa22,7336,0,PR00366.hap2
chr1_pat_hsa1,13782,11832,PR00366.hap1
chr2_mat_hsa3,9371,9961,PR00366.hap1
chr3_pat_hsa4,11083,3665,PR00366.hap1
chr4_mat_hsa5,8627,6324,PR00366.hap1
chr5_pat_hsa6,0,0,PR00366.hap1
chr6_mat_hsa7,15766,12031,PR00366.hap1
chr7_pat_hsa8,13943,5867,PR00366.hap1
chr8_mat_hsa10,5234,5609,PR00366.hap1
chr9_pat_hsa11,9722,8823,PR00366.hap1
chr10_mat_hsa12,13920,7424,PR00366.hap1
chr11_mat_hsa9,11703,0,PR00366.hap1
chr12_mat_hsa2a,7493,6444,PR00366.hap1
chr13_mat_hsa2b,8406,9770,PR00366.hap1
chr14_pat_hsa13,9937,0,PR00366.hap1
chr15_mat_hsa14,6035,12616,PR00366.hap1
chr16_pat_hsa15,8447,9920,PR00366.hap1
chr17_mat_hsa18,7583,0,PR00366.hap1
chr18_pat_hsa16,9034,7700,PR00366.hap1
chr19_pat_hsa17,12157,11449,PR00366.hap1
chr20_pat_hsa19,6378,6745,PR00366.hap1
chr21_mat_hsa20,9393,5592,PR00366.hap1
chr22_pat_hsa21,12295,0,PR00366.hap1
chr23_pat_hsa22,10394,8403,PR00366.hap1
chr1_hap1_hsa1,0,9772,PR00834.hap1
chr2_hap1_hsa3,10576,13223,PR00834.hap1
chr3_hap1_hsa4,0,8103,PR00834.hap1
chr4_hap1_hsa5,0,0,PR00834.hap1
chr5_hap1_hsa6,4008,0,PR00834.hap1
chr6_hap1_hsa7,6712,0,PR00834.hap1
chr7_hap1_hsa8,0,3646,PR00834.hap1
chr8_hap1_hsa10,11946,0,PR00834.hap1
chr9_hap1_hsa11,7077,6044,PR00834.hap1
chr10_hap1_hsa12,9610,0,PR00834.hap1
chr11_hap1_hsa9,5893,0,PR00834.hap1
chr12_hap1_hsa2a,0,0,PR00834.hap1
chr13_hap1_hsa2b,0,0,PR00834.hap1
chr14_hap1_hsa13,8741,7047,PR00834.hap1
chr15_hap1_hsa14,1706,0,PR00834.hap1
chr16_hap1_hsa15,6915,0,PR00834.hap1
chr17_hap1_hsa18,0,0,PR00834.hap1
chr18_hap1_hsa16,0,0,PR00834.hap1
chr19_hap1_hsa17,0,809,PR00834.hap1
chr20_hap1_hsa19,0,0,PR00834.hap1
chr21_hap1_hsa20,0,0,PR00834.hap1
chr22_hap1_hsa21,0,10348,PR00834.hap1
chr23_hap1_hsa22,0,0,PR00834.hap1
chr1_hap1_hsa1,0,0,AG18356_6.hap1
chr2_hap1_hsa3,0,4917,AG18356_6.hap1
chr3_hap1_hsa4,0,0,AG18356_6.hap1
chr4_hap1_hsa5,2703,0,AG18356_6.hap1
chr5_hap1_hsa6,6272,0,AG18356_6.hap1
chr6_hap1_hsa7,0,0,AG18356_6.hap1
chr7_hap1_hsa8,2727,8530,AG18356_6.hap1
chr8_hap1_hsa10,835,0,AG18356_6.hap1
chr9_hap1_hsa11,7724,1722,AG18356_6.hap1
chr10_hap1_hsa12,0,8087,AG18356_6.hap1
chr11_hap1_hsa9,6025,0,AG18356_6.hap1
chr12_hap1_hsa2a,9419,0,AG18356_6.hap1
chr13_hap1_hsa2b,7625,0,AG18356_6.hap1
chr14_hap1_hsa13,7266,0,AG18356_6.hap1
chr15_hap1_hsa14,4381,0,AG18356_6.hap1
chr16_hap1_hsa15,0,0,AG18356_6.hap1
chr17_hap1_hsa18,0,1210,AG18356_6.hap1
chr18_hap1_hsa16,0,0,AG18356_6.hap1
chr19_hap1_hsa17,0,0,AG18356_6.hap1
chr20_hap1_hsa19,0,0,AG18356_6.hap1
chr21_hap1_hsa20,0,0,AG18356_6.hap1
chr22_hap1_hsa21,0,0,AG18356_6.hap1
chr23_hap1_hsa22,0,0,AG18356_6.hap1
chr1_hap1_hsa1,0,4448,PR01228.hap1
chr2_hap1_hsa3,12449,0,PR01228.hap1
chr3_hap1_hsa4,0,11404,PR01228.hap1
chr4_hap1_hsa5,0,10448,PR01228.hap1
chr5_hap1_hsa6,5300,0,PR01228.hap1
chr6_hap1_hsa7,0,0,PR01228.hap1
chr7_hap1_hsa8,5269,0,PR01228.hap1
chr8_hap1_hsa10,0,5683,PR01228.hap1
chr9_hap1_hsa11,5774,0,PR01228.hap1
chr10_hap1_hsa12,3943,0,PR01228.hap1
chr11_hap1_hsa9,0,0,PR01228.hap1
chr12_hap1_hsa2a,5528,6474,PR01228.hap1
chr13_hap1_hsa2b,0,0,PR01228.hap1
chr14_hap1_hsa13,3409,0,PR01228.hap1
chr15_hap1_hsa14,3524,0,PR01228.hap1
chr16_hap1_hsa15,0,0,PR01228.hap1
chr17_hap1_hsa18,470,0,PR01228.hap1
chr18_hap1_hsa16,7066,0,PR01228.hap1
chr19_hap1_hsa17,0,4292,PR01228.hap1
chr20_hap1_hsa19,4390,4605,PR01228.hap1
chr21_hap1_hsa20,0,0,PR01228.hap1
chr22_hap1_hsa21,0,6804,PR01228.hap1
chr23_hap1_hsa22,0,0,PR01228.hap1
chr1_hap1_hsa1,0,0,PR00838.hap1
chr2_hap1_hsa3,0,0,PR00838.hap1
chr3_hap1_hsa4,0,7976,PR00838.hap1
chr4_hap1_hsa5,0,0,PR00838.hap1
chr5_hap1_hsa6,0,0,PR00838.hap1
chr6_hap1_hsa7,0,0,PR00838.hap1
chr7_hap1_hsa8,0,0,PR00838.hap1
chr8_hap1_hsa10,3784,3985,PR00838.hap1
chr9_hap1_hsa11,2455,0,PR00838.hap1
chr10_hap1_hsa12,0,13883,PR00838.hap1
chr11_hap1_hsa9,0,0,PR00838.hap1
chr12_hap1_hsa2a,12706,0,PR00838.hap1
chr13_hap1_hsa2b,0,0,PR00838.hap1
chr14_hap1_hsa13,10007,2609,PR00838.hap1
chr15_hap1_hsa14,0,0,PR00838.hap1
chr16_hap1_hsa15,3478,0,PR00838.hap1
chr17_hap1_hsa18,4947,0,PR00838.hap1
chr18_hap1_hsa16,0,0,PR00838.hap1
chr19_hap1_hsa17,0,6380,PR00838.hap1
chr20_hap1_hsa19,0,0,PR00838.hap1
chr21_hap1_hsa20,0,0,PR00838.hap1
chr22_hap1_hsa21,0,0,PR00838.hap1
chr23_hap1_hsa22,0,0,PR00838.hap1
chr1_hap1_hsa1,0,0,PR00115.hap1
chr2_hap1_hsa3,8353,0,PR00115.hap1
chr3_hap1_hsa4,0,0,PR00115.hap1
chr4_hap1_hsa5,0,0,PR00115.hap1
chr5_hap1_hsa6,0,0,PR00115.hap1
chr6_hap1_hsa7,0,0,PR00115.hap1
chr7_hap1_hsa8,16079,0,PR00115.hap1
chr8_hap1_hsa10,1291,0,PR00115.hap1
chr9_hap1_hsa11,1992,0,PR00115.hap1
chr10_hap1_hsa12,9530,0,PR00115.hap1
chr11_hap1_hsa9,0,8669,PR00115.hap1
chr12_hap1_hsa2a,0,0,PR00115.hap1
chr13_hap1_hsa2b,7589,0,PR00115.hap1
chr14_hap1_hsa13,8204,0,PR00115.hap1
chr15_hap1_hsa14,7131,0,PR00115.hap1
chr16_hap1_hsa15,0,0,PR00115.hap1
chr17_hap1_hsa18,0,0,PR00115.hap1
chr18_hap1_hsa16,0,0,PR00115.hap1
chr19_hap1_hsa17,0,0,PR00115.hap1
chr20_hap1_hsa19,8048,0,PR00115.hap1
chr21_hap1_hsa20,0,0,PR00115.hap1
chr22_hap1_hsa21,0,0,PR00115.hap1
chr23_hap1_hsa22,0,0,PR00115.hap1
chr1_hap1_hsa1,0,0,AG18357_3.hap2
chr2_hap1_hsa3,0,11605,AG18357_3.hap2
chr3_hap1_hsa4,0,6637,AG18357_3.hap2
chr4_hap1_hsa5,0,4202,AG18357_3.hap2
chr5_hap1_hsa6,0,2372,AG18357_3.hap2
chr6_hap1_hsa7,0,0,AG18357_3.hap2
chr7_hap1_hsa8,0,0,AG18357_3.hap2
chr8_hap1_hsa10,0,0,AG18357_3.hap2
chr9_hap1_hsa11,4628,0,AG18357_3.hap2
chr10_hap1_hsa12,5313,0,AG18357_3.hap2
chr11_hap1_hsa9,0,0,AG18357_3.hap2
chr12_hap1_hsa2a,6210,0,AG18357_3.hap2
chr13_hap1_hsa2b,8988,0,AG18357_3.hap2
chr14_hap1_hsa13,6193,0,AG18357_3.hap2
chr15_hap1_hsa14,0,0,AG18357_3.hap2
chr16_hap1_hsa15,0,0,AG18357_3.hap2
chr17_hap1_hsa18,0,3543,AG18357_3.hap2
chr18_hap1_hsa16,0,2259,AG18357_3.hap2
chr19_hap1_hsa17,4959,0,AG18357_3.hap2
chr20_hap1_hsa19,0,7757,AG18357_3.hap2
chr21_hap1_hsa20,0,0,AG18357_3.hap2
chr22_hap1_hsa21,2376,6505,AG18357_3.hap2
chr23_hap1_hsa22,0,0,AG18357_3.hap2
chr1_hap1_hsa1,0,0,AG18353_9.hap1
chr2_hap1_hsa3,0,0,AG18353_9.hap1
chr3_hap1_hsa4,0,10954,AG18353_9.hap1
chr4_hap1_hsa5,0,10366,AG18353_9.hap1
chr5_hap1_hsa6,0,0,AG18353_9.hap1
chr6_hap1_hsa7,0,0,AG18353_9.hap1
chr7_hap1_hsa8,0,3503,AG18353_9.hap1
chr8_hap1_hsa10,0,0,AG18353_9.hap1
chr9_hap1_hsa11,4354,0,AG18353_9.hap1
chr10_hap1_hsa12,3674,5953,AG18353_9.hap1
chr11_hap1_hsa9,1827,0,AG18353_9.hap1
chr12_hap1_hsa2a,5657,0,AG18353_9.hap1
chr13_hap1_hsa2b,0,0,AG18353_9.hap1
chr14_hap1_hsa13,0,0,AG18353_9.hap1
chr15_hap1_hsa14,0,0,AG18353_9.hap1
chr16_hap1_hsa15,0,0,AG18353_9.hap1
chr17_hap1_hsa18,2225,0,AG18353_9.hap1
chr18_hap1_hsa16,8007,0,AG18353_9.hap1
chr19_hap1_hsa17,0,8808,AG18353_9.hap1
chr20_hap1_hsa19,3220,0,AG18353_9.hap1
chr21_hap1_hsa20,5438,0,AG18353_9.hap1
chr22_hap1_hsa21,3407,11134,AG18353_9.hap1
chr23_hap1_hsa22,0,0,AG18353_9.hap1
chr1_hap1_hsa1,0,17968,PR00512.hap1
chr2_hap1_hsa3,0,0,PR00512.hap1
chr3_hap1_hsa4,0,7567,PR00512.hap1
chr4_hap1_hsa5,0,0,PR00512.hap1
chr5_hap1_hsa6,0,0,PR00512.hap1
chr6_hap1_hsa7,0,0,PR00512.hap1
chr7_hap1_hsa8,0,0,PR00512.hap1
chr8_hap1_hsa10,0,0,PR00512.hap1
chr9_hap1_hsa11,0,0,PR00512.hap1
chr10_hap1_hsa12,7407,0,PR00512.hap1
chr11_hap1_hsa9,0,7869,PR00512.hap1
chr12_hap1_hsa2a,9250,0,PR00512.hap1
chr13_hap1_hsa2b,4454,0,PR00512.hap1
chr14_hap1_hsa13,0,0,PR00512.hap1
chr15_hap1_hsa14,0,0,PR00512.hap1
chr16_hap1_hsa15,8507,0,PR00512.hap1
chr17_hap1_hsa18,5739,0,PR00512.hap1
chr18_hap1_hsa16,0,0,PR00512.hap1
chr19_hap1_hsa17,0,0,PR00512.hap1
chr20_hap1_hsa19,0,0,PR00512.hap1
chr21_hap1_hsa20,3002,0,PR00512.hap1
chr22_hap1_hsa21,0,0,PR00512.hap1
chr23_hap1_hsa22,0,0,PR00512.hap1
chr1_hap1_hsa1,0,0,AG18359_7.hap2
chr2_hap1_hsa3,0,0,AG18359_7.hap2
chr3_hap1_hsa4,0,0,AG18359_7.hap2
chr4_hap1_hsa5,5086,0,AG18359_7.hap2
chr5_hap1_hsa6,0,10407,AG18359_7.hap2
chr6_hap1_hsa7,0,0,AG18359_7.hap2
chr7_hap1_hsa8,0,8569,AG18359_7.hap2
chr8_hap1_hsa10,0,1048,AG18359_7.hap2
chr9_hap1_hsa11,10727,3412,AG18359_7.hap2
chr10_hap1_hsa12,0,9634,AG18359_7.hap2
chr11_hap1_hsa9,7472,0,AG18359_7.hap2
chr12_hap1_hsa2a,6732,0,AG18359_7.hap2
chr13_hap1_hsa2b,7230,0,AG18359_7.hap2
chr14_hap1_hsa13,0,4162,AG18359_7.hap2
chr15_hap1_hsa14,0,0,AG18359_7.hap2
chr16_hap1_hsa15,2335,0,AG18359_7.hap2
chr17_hap1_hsa18,0,0,AG18359_7.hap2
chr18_hap1_hsa16,5325,0,AG18359_7.hap2
chr19_hap1_hsa17,4804,0,AG18359_7.hap2
chr20_hap1_hsa19,0,0,AG18359_7.hap2
chr21_hap1_hsa20,0,3620,AG18359_7.hap2
chr22_hap1_hsa21,1881,0,AG18359_7.hap2
chr23_hap1_hsa22,8909,0,AG18359_7.hap2
chr1_hap1_hsa1,0,0,AG06939_13.hap2
chr2_hap1_hsa3,0,3865,AG06939_13.hap2
chr3_hap1_hsa4,0,0,AG06939_13.hap2
chr4_hap1_hsa5,0,10961,AG06939_13.hap2
chr5_hap1_hsa6,0,0,AG06939_13.hap2
chr6_hap1_hsa7,0,3337,AG06939_13.hap2
chr7_hap1_hsa8,9785,2882,AG06939_13.hap2
chr8_hap1_hsa10,0,0,AG06939_13.hap2
chr9_hap1_hsa11,0,710,AG06939_13.hap2
chr10_hap1_hsa12,1487,5658,AG06939_13.hap2
chr11_hap1_hsa9,2044,0,AG06939_13.hap2
chr12_hap1_hsa2a,4094,0,AG06939_13.hap2
chr13_hap1_hsa2b,11829,0,AG06939_13.hap2
chr14_hap1_hsa13,0,2794,AG06939_13.hap2
chr15_hap1_hsa14,1435,0,AG06939_13.hap2
chr16_hap1_hsa15,3120,2266,AG06939_13.hap2
chr17_hap1_hsa18,5944,0,AG06939_13.hap2
chr18_hap1_hsa16,11193,0,AG06939_13.hap2
chr19_hap1_hsa17,0,0,AG06939_13.hap2
chr20_hap1_hsa19,12010,0,AG06939_13.hap2
chr21_hap1_hsa20,0,0,AG06939_13.hap2
chr22_hap1_hsa21,1452,4917,AG06939_13.hap2
chr23_hap1_hsa22,0,0,AG06939_13.hap2
chr1_hap1_hsa1,3794,0,PR01223.hap2
chr2_hap1_hsa3,0,0,PR01223.hap2
chr3_hap1_hsa4,0,2287,PR01223.hap2
chr4_hap1_hsa5,0,0,PR01223.hap2
chr5_hap1_hsa6,0,0,PR01223.hap2
chr6_hap1_hsa7,5155,0,PR01223.hap2
chr7_hap1_hsa8,3793,10200,PR01223.hap2
chr8_hap1_hsa10,0,0,PR01223.hap2
chr9_hap1_hsa11,0,3717,PR01223.hap2
chr10_hap1_hsa12,0,0,PR01223.hap2
chr11_hap1_hsa9,1387,6997,PR01223.hap2
chr12_hap1_hsa2a,0,12974,PR01223.hap2
chr13_hap1_hsa2b,0,0,PR01223.hap2
chr14_hap1_hsa13,0,0,PR01223.hap2
chr15_hap1_hsa14,2992,0,PR01223.hap2
chr16_hap1_hsa15,0,0,PR01223.hap2
chr17_hap1_hsa18,4547,3746,PR01223.hap2
chr18_hap1_hsa16,8342,0,PR01223.hap2
chr19_hap1_hsa17,5632,0,PR01223.hap2
chr20_hap1_hsa19,0,0,PR01223.hap2
chr21_hap1_hsa20,9346,0,PR01223.hap2
chr22_hap1_hsa21,3536,0,PR01223.hap2
chr23_hap1_hsa22,0,0,PR01223.hap2
chr1_hap1_hsa1,11628,10789,PR01008.hap2
chr2_hap1_hsa3,1858,8438,PR01008.hap2
chr3_hap1_hsa4,12402,9349,PR01008.hap2
chr4_hap1_hsa5,2134,9973,PR01008.hap2
chr5_hap1_hsa6,6124,0,PR01008.hap2
chr6_hap1_hsa7,12903,3101,PR01008.hap2
chr7_hap1_hsa8,5817,10848,PR01008.hap2
chr8_hap1_hsa10,0,5858,PR01008.hap2
chr9_hap1_hsa11,8843,10570,PR01008.hap2
chr10_hap1_hsa12,7889,0,PR01008.hap2
chr11_hap1_hsa9,7880,12217,PR01008.hap2
chr12_hap1_hsa2a,2320,8941,PR01008.hap2
chr13_hap1_hsa2b,12944,6315,PR01008.hap2
chr14_hap1_hsa13,12988,0,PR01008.hap2
chr15_hap1_hsa14,14901,8319,PR01008.hap2
chr16_hap1_hsa15,8672,4455,PR01008.hap2
chr17_hap1_hsa18,0,0,PR01008.hap2
chr18_hap1_hsa16,3974,0,PR01008.hap2
chr19_hap1_hsa17,14459,4439,PR01008.hap2
chr20_hap1_hsa19,8628,4913,PR01008.hap2
chr21_hap1_hsa20,6173,4352,PR01008.hap2
chr22_hap1_hsa21,0,0,PR01008.hap2
chr23_hap1_hsa22,5622,0,PR01008.hap2
chr1_hap1_hsa1,0,0,AG18359_7.hap1
chr2_hap1_hsa3,0,0,AG18359_7.hap1
chr3_hap1_hsa4,0,0,AG18359_7.hap1
chr4_hap1_hsa5,0,0,AG18359_7.hap1
chr5_hap1_hsa6,0,0,AG18359_7.hap1
chr6_hap1_hsa7,0,0,AG18359_7.hap1
chr7_hap1_hsa8,0,0,AG18359_7.hap1
chr8_hap1_hsa10,0,0,AG18359_7.hap1
chr9_hap1_hsa11,4411,0,AG18359_7.hap1
chr10_hap1_hsa12,1940,0,AG18359_7.hap1
chr11_hap1_hsa9,0,5723,AG18359_7.hap1
chr12_hap1_hsa2a,9781,0,AG18359_7.hap1
chr13_hap1_hsa2b,7230,3657,AG18359_7.hap1
chr14_hap1_hsa13,2640,3921,AG18359_7.hap1
chr15_hap1_hsa14,5662,0,AG18359_7.hap1
chr16_hap1_hsa15,3604,0,AG18359_7.hap1
chr17_hap1_hsa18,0,1131,AG18359_7.hap1
chr18_hap1_hsa16,0,0,AG18359_7.hap1
chr19_hap1_hsa17,0,0,AG18359_7.hap1
chr20_hap1_hsa19,0,0,AG18359_7.hap1
chr21_hap1_hsa20,0,0,AG18359_7.hap1
chr22_hap1_hsa21,0,0,AG18359_7.hap1
chr23_hap1_hsa22,0,0,AG18359_7.hap1
chr1_hap1_hsa1,0,5927,PR01228.hap2
chr2_hap1_hsa3,8427,0,PR01228.hap2
chr3_hap1_hsa4,0,3202,PR01228.hap2
chr4_hap1_hsa5,0,0,PR01228.hap2
chr5_hap1_hsa6,8477,0,PR01228.hap2
chr6_hap1_hsa7,0,0,PR01228.hap2
chr7_hap1_hsa8,0,7344,PR01228.hap2
chr8_hap1_hsa10,0,9360,PR01228.hap2
chr9_hap1_hsa11,0,0,PR01228.hap2
chr10_hap1_hsa12,5995,0,PR01228.hap2
chr11_hap1_hsa9,0,0,PR01228.hap2
chr12_hap1_hsa2a,10229,0,PR01228.hap2
chr13_hap1_hsa2b,5017,0,PR01228.hap2
chr14_hap1_hsa13,0,0,PR01228.hap2
chr15_hap1_hsa14,9160,0,PR01228.hap2
chr16_hap1_hsa15,0,0,PR01228.hap2
chr17_hap1_hsa18,470,0,PR01228.hap2
chr18_hap1_hsa16,12149,0,PR01228.hap2
chr19_hap1_hsa17,0,0,PR01228.hap2
chr20_hap1_hsa19,0,0,PR01228.hap2
chr21_hap1_hsa20,7139,0,PR01228.hap2
chr22_hap1_hsa21,4060,0,PR01228.hap2
chr23_hap1_hsa22,0,0,PR01228.hap2
chr1_hap1_hsa1,0,8424,AG18354_5.hap2
chr2_hap1_hsa3,5903,0,AG18354_5.hap2
chr3_hap1_hsa4,0,0,AG18354_5.hap2
chr4_hap1_hsa5,7865,0,AG18354_5.hap2
chr5_hap1_hsa6,0,6657,AG18354_5.hap2
chr6_hap1_hsa7,0,0,AG18354_5.hap2
chr7_hap1_hsa8,3228,0,AG18354_5.hap2
chr8_hap1_hsa10,9166,0,AG18354_5.hap2
chr9_hap1_hsa11,0,0,AG18354_5.hap2
chr10_hap1_hsa12,10611,5274,AG18354_5.hap2
chr11_hap1_hsa9,0,0,AG18354_5.hap2
chr12_hap1_hsa2a,3886,0,AG18354_5.hap2
chr13_hap1_hsa2b,0,8370,AG18354_5.hap2
chr14_hap1_hsa13,0,0,AG18354_5.hap2
chr15_hap1_hsa14,0,8574,AG18354_5.hap2
chr16_hap1_hsa15,0,0,AG18354_5.hap2
chr17_hap1_hsa18,5569,0,AG18354_5.hap2
chr18_hap1_hsa16,0,0,AG18354_5.hap2
chr19_hap1_hsa17,7878,0,AG18354_5.hap2
chr20_hap1_hsa19,0,0,AG18354_5.hap2
chr21_hap1_hsa20,0,0,AG18354_5.hap2
chr22_hap1_hsa21,3129,0,AG18354_5.hap2
chr23_hap1_hsa22,7135,0,AG18354_5.hap2
chr1_hap1_hsa1,0,0,AG18354_5.hap1
chr2_hap1_hsa3,0,0,AG18354_5.hap1
chr3_hap1_hsa4,0,0,AG18354_5.hap1
chr4_hap1_hsa5,0,12910,AG18354_5.hap1
chr5_hap1_hsa6,4963,0,AG18354_5.hap1
chr6_hap1_hsa7,2582,0,AG18354_5.hap1
chr7_hap1_hsa8,3228,0,AG18354_5.hap1
chr8_hap1_hsa10,0,0,AG18354_5.hap1
chr9_hap1_hsa11,0,0,AG18354_5.hap1
chr10_hap1_hsa12,0,2594,AG18354_5.hap1
chr11_hap1_hsa9,2119,0,AG18354_5.hap1
chr12_hap1_hsa2a,4643,6342,AG18354_5.hap1
chr13_hap1_hsa2b,3279,0,AG18354_5.hap1
chr14_hap1_hsa13,2234,12507,AG18354_5.hap1
chr15_hap1_hsa14,0,0,AG18354_5.hap1
chr16_hap1_hsa15,0,2932,AG18354_5.hap1
chr17_hap1_hsa18,0,0,AG18354_5.hap1
chr18_hap1_hsa16,0,0,AG18354_5.hap1
chr19_hap1_hsa17,0,0,AG18354_5.hap1
chr20_hap1_hsa19,13990,0,AG18354_5.hap1
chr21_hap1_hsa20,0,0,AG18354_5.hap1
chr22_hap1_hsa21,5410,0,AG18354_5.hap1
chr23_hap1_hsa22,7135,0,AG18354_5.hap1
chr1_hap1_hsa1,0,0,AG18361_10.hap2
chr2_hap1_hsa3,0,0,AG18361_10.hap2
chr3_hap1_hsa4,0,0,AG18361_10.hap2
chr4_hap1_hsa5,0,0,AG18361_10.hap2
chr5_hap1_hsa6,1635,0,AG18361_10.hap2
chr6_hap1_hsa7,0,0,AG18361_10.hap2
chr7_hap1_hsa8,0,0,AG18361_10.hap2
chr8_hap1_hsa10,0,2767,AG18361_10.hap2
chr9_hap1_hsa11,6365,0,AG18361_10.hap2
chr10_hap1_hsa12,1162,0,AG18361_10.hap2
chr11_hap1_hsa9,0,0,AG18361_10.hap2
chr12_hap1_hsa2a,4315,0,AG18361_10.hap2
chr13_hap1_hsa2b,3113,0,AG18361_10.hap2
chr14_hap1_hsa13,0,0,AG18361_10.hap2
chr15_hap1_hsa14,0,0,AG18361_10.hap2
chr16_hap1_hsa15,3252,0,AG18361_10.hap2
chr17_hap1_hsa18,0,0,AG18361_10.hap2
chr18_hap1_hsa16,0,0,AG18361_10.hap2
chr19_hap1_hsa17,0,0,AG18361_10.hap2
chr20_hap1_hsa19,4786,3549,AG18361_10.hap2
chr21_hap1_hsa20,0,0,AG18361_10.hap2
chr22_hap1_hsa21,0,3572,AG18361_10.hap2
chr23_hap1_hsa22,0,0,AG18361_10.hap2
chr1_hap1_hsa1,9533,0,AG18358_4.hap1
chr2_hap1_hsa3,7915,5530,AG18358_4.hap1
chr3_hap1_hsa4,0,5825,AG18358_4.hap1
chr4_hap1_hsa5,0,1631,AG18358_4.hap1
chr5_hap1_hsa6,0,0,AG18358_4.hap1
chr6_hap1_hsa7,0,0,AG18358_4.hap1
chr7_hap1_hsa8,0,6776,AG18358_4.hap1
chr8_hap1_hsa10,0,0,AG18358_4.hap1
chr9_hap1_hsa11,7521,0,AG18358_4.hap1
chr10_hap1_hsa12,693,0,AG18358_4.hap1
chr11_hap1_hsa9,8778,11980,AG18358_4.hap1
chr12_hap1_hsa2a,8560,0,AG18358_4.hap1
chr13_hap1_hsa2b,10266,0,AG18358_4.hap1
chr14_hap1_hsa13,0,0,AG18358_4.hap1
chr15_hap1_hsa14,0,0,AG18358_4.hap1
chr16_hap1_hsa15,0,0,AG18358_4.hap1
chr17_hap1_hsa18,3277,4555,AG18358_4.hap1
chr18_hap1_hsa16,4827,0,AG18358_4.hap1
chr19_hap1_hsa17,5111,0,AG18358_4.hap1
chr20_hap1_hsa19,3280,0,AG18358_4.hap1
chr21_hap1_hsa20,0,3138,AG18358_4.hap1
chr22_hap1_hsa21,0,8832,AG18358_4.hap1
chr23_hap1_hsa22,6614,0,AG18358_4.hap1
chr1_hap1_hsa1,0,0,PR01225.hap1
chr2_hap1_hsa3,0,0,PR01225.hap1
chr3_hap1_hsa4,0,5473,PR01225.hap1
chr4_hap1_hsa5,0,0,PR01225.hap1
chr5_hap1_hsa6,0,0,PR01225.hap1
chr6_hap1_hsa7,0,0,PR01225.hap1
chr7_hap1_hsa8,0,2960,PR01225.hap1
chr8_hap1_hsa10,0,8908,PR01225.hap1
chr9_hap1_hsa11,12302,0,PR01225.hap1
chr10_hap1_hsa12,7129,0,PR01225.hap1
chr11_hap1_hsa9,0,0,PR01225.hap1
chr12_hap1_hsa2a,4924,0,PR01225.hap1
chr13_hap1_hsa2b,0,0,PR01225.hap1
chr14_hap1_hsa13,8329,0,PR01225.hap1
chr15_hap1_hsa14,0,0,PR01225.hap1
chr16_hap1_hsa15,5177,0,PR01225.hap1
chr17_hap1_hsa18,10496,9333,PR01225.hap1
chr18_hap1_hsa16,0,0,PR01225.hap1
chr19_hap1_hsa17,0,0,PR01225.hap1
chr20_hap1_hsa19,0,787,PR01225.hap1
chr21_hap1_hsa20,2117,0,PR01225.hap1
chr22_hap1_hsa21,0,0,PR01225.hap1
chr23_hap1_hsa22,0,0,PR01225.hap1
chr1_hap1_hsa1,0,0,AG18356_6.hap2
chr2_hap1_hsa3,6689,8353,AG18356_6.hap2
chr3_hap1_hsa4,0,8599,AG18356_6.hap2
chr4_hap1_hsa5,0,0,AG18356_6.hap2
chr5_hap1_hsa6,12878,5607,AG18356_6.hap2
chr6_hap1_hsa7,8040,0,AG18356_6.hap2
chr7_hap1_hsa8,0,0,AG18356_6.hap2
chr8_hap1_hsa10,0,0,AG18356_6.hap2
chr9_hap1_hsa11,9424,0,AG18356_6.hap2
chr10_hap1_hsa12,0,0,AG18356_6.hap2
chr11_hap1_hsa9,0,0,AG18356_6.hap2
chr12_hap1_hsa2a,4156,0,AG18356_6.hap2
chr13_hap1_hsa2b,3364,0,AG18356_6.hap2
chr14_hap1_hsa13,0,0,AG18356_6.hap2
chr15_hap1_hsa14,0,0,AG18356_6.hap2
chr16_hap1_hsa15,3354,0,AG18356_6.hap2
chr17_hap1_hsa18,4124,711,AG18356_6.hap2
chr18_hap1_hsa16,0,0,AG18356_6.hap2
chr19_hap1_hsa17,0,0,AG18356_6.hap2
chr20_hap1_hsa19,0,0,AG18356_6.hap2
chr21_hap1_hsa20,0,0,AG18356_6.hap2
chr22_hap1_hsa21,0,5107,AG18356_6.hap2
chr23_hap1_hsa22,0,0,AG18356_6.hap2
chr1_hap1_hsa1,0,1699,PR00834.hap2
chr2_hap1_hsa3,0,9455,PR00834.hap2
chr3_hap1_hsa4,0,6455,PR00834.hap2
chr4_hap1_hsa5,0,0,PR00834.hap2
chr5_hap1_hsa6,3518,0,PR00834.hap2
chr6_hap1_hsa7,0,6181,PR00834.hap2
chr7_hap1_hsa8,6577,0,PR00834.hap2
chr8_hap1_hsa10,0,0,PR00834.hap2
chr9_hap1_hsa11,0,0,PR00834.hap2
chr10_hap1_hsa12,0,0,PR00834.hap2
chr11_hap1_hsa9,2506,1757,PR00834.hap2
chr12_hap1_hsa2a,0,0,PR00834.hap2
chr13_hap1_hsa2b,3700,1677,PR00834.hap2
chr14_hap1_hsa13,0,0,PR00834.hap2
chr15_hap1_hsa14,0,0,PR00834.hap2
chr16_hap1_hsa15,4247,0,PR00834.hap2
chr17_hap1_hsa18,13158,0,PR00834.hap2
chr18_hap1_hsa16,0,7631,PR00834.hap2
chr19_hap1_hsa17,0,0,PR00834.hap2
chr20_hap1_hsa19,3502,0,PR00834.hap2
chr21_hap1_hsa20,0,0,PR00834.hap2
chr22_hap1_hsa21,0,0,PR00834.hap2
chr23_hap1_hsa22,0,0,PR00834.hap2
chr1_hap1_hsa1,0,0,PR00512.hap2
chr2_hap1_hsa3,11413,0,PR00512.hap2
chr3_hap1_hsa4,0,7567,PR00512.hap2
chr4_hap1_hsa5,0,0,PR00512.hap2
chr5_hap1_hsa6,0,0,PR00512.hap2
chr6_hap1_hsa7,0,0,PR00512.hap2
chr7_hap1_hsa8,8347,0,PR00512.hap2
chr8_hap1_hsa10,1442,0,PR00512.hap2
chr9_hap1_hsa11,0,0,PR00512.hap2
chr10_hap1_hsa12,3261,4097,PR00512.hap2
chr11_hap1_hsa9,0,0,PR00512.hap2
chr12_hap1_hsa2a,0,0,PR00512.hap2
chr13_hap1_hsa2b,4062,0,PR00512.hap2
chr14_hap1_hsa13,10821,0,PR00512.hap2
chr15_hap1_hsa14,0,13911,PR00512.hap2
chr16_hap1_hsa15,9004,0,PR00512.hap2
chr17_hap1_hsa18,0,0,PR00512.hap2
chr18_hap1_hsa16,0,0,PR00512.hap2
chr19_hap1_hsa17,0,0,PR00512.hap2
chr20_hap1_hsa19,13779,0,PR00512.hap2
chr21_hap1_hsa20,0,0,PR00512.hap2
chr22_hap1_hsa21,0,9013,PR00512.hap2
chr23_hap1_hsa22,10515,0,PR00512.hap2
chr1_hap1_hsa1,0,5130,PR00496A.hap2
chr2_hap1_hsa3,1506,0,PR00496A.hap2
chr3_hap1_hsa4,0,12727,PR00496A.hap2
chr4_hap1_hsa5,4176,2666,PR00496A.hap2
chr5_hap1_hsa6,0,3923,PR00496A.hap2
chr6_hap1_hsa7,0,5693,PR00496A.hap2
chr7_hap1_hsa8,0,0,PR00496A.hap2
chr8_hap1_hsa10,4295,0,PR00496A.hap2
chr9_hap1_hsa11,6904,0,PR00496A.hap2
chr10_hap1_hsa12,0,2705,PR00496A.hap2
chr11_hap1_hsa9,0,0,PR00496A.hap2
chr12_hap1_hsa2a,3893,0,PR00496A.hap2
chr13_hap1_hsa2b,0,0,PR00496A.hap2
chr14_hap1_hsa13,0,0,PR00496A.hap2
chr15_hap1_hsa14,0,0,PR00496A.hap2
chr16_hap1_hsa15,0,0,PR00496A.hap2
chr17_hap1_hsa18,3894,0,PR00496A.hap2
chr18_hap1_hsa16,0,0,PR00496A.hap2
chr19_hap1_hsa17,0,0,PR00496A.hap2
chr20_hap1_hsa19,0,5150,PR00496A.hap2
chr21_hap1_hsa20,3745,0,PR00496A.hap2
chr22_hap1_hsa21,0,0,PR00496A.hap2
chr23_hap1_hsa22,0,0,PR00496A.hap2
chr1_hap1_hsa1,0,5294,PR00496A.hap1
chr2_hap1_hsa3,0,10774,PR00496A.hap1
chr3_hap1_hsa4,0,4070,PR00496A.hap1
chr4_hap1_hsa5,0,6821,PR00496A.hap1
chr5_hap1_hsa6,0,0,PR00496A.hap1
chr6_hap1_hsa7,2179,0,PR00496A.hap1
chr7_hap1_hsa8,11775,0,PR00496A.hap1
chr8_hap1_hsa10,0,10123,PR00496A.hap1
chr9_hap1_hsa11,2796,0,PR00496A.hap1
chr10_hap1_hsa12,10594,0,PR00496A.hap1
chr11_hap1_hsa9,4392,0,PR00496A.hap1
chr12_hap1_hsa2a,6100,0,PR00496A.hap1
chr13_hap1_hsa2b,0,0,PR00496A.hap1
chr14_hap1_hsa13,1731,5950,PR00496A.hap1
chr15_hap1_hsa14,0,0,PR00496A.hap1
chr16_hap1_hsa15,0,0,PR00496A.hap1
chr17_hap1_hsa18,0,0,PR00496A.hap1
chr18_hap1_hsa16,0,891,PR00496A.hap1
chr19_hap1_hsa17,0,0,PR00496A.hap1
chr20_hap1_hsa19,0,0,PR00496A.hap1
chr21_hap1_hsa20,0,0,PR00496A.hap1
chr22_hap1_hsa21,0,0,PR00496A.hap1
chr23_hap1_hsa22,0,0,PR00496A.hap1
chr1_hap1_hsa1,0,2591,AG16618_12.hap2
chr2_hap1_hsa3,3103,0,AG16618_12.hap2
chr3_hap1_hsa4,0,1882,AG16618_12.hap2
chr4_hap1_hsa5,0,0,AG16618_12.hap2
chr5_hap1_hsa6,6861,0,AG16618_12.hap2
chr6_hap1_hsa7,0,0,AG16618_12.hap2
chr7_hap1_hsa8,0,0,AG16618_12.hap2
chr8_hap1_hsa10,0,1813,AG16618_12.hap2
chr9_hap1_hsa11,0,0,AG16618_12.hap2
chr10_hap1_hsa12,4603,0,AG16618_12.hap2
chr11_hap1_hsa9,4132,0,AG16618_12.hap2
chr12_hap1_hsa2a,6047,0,AG16618_12.hap2
chr13_hap1_hsa2b,6573,0,AG16618_12.hap2
chr14_hap1_hsa13,1455,0,AG16618_12.hap2
chr15_hap1_hsa14,0,0,AG16618_12.hap2
chr16_hap1_hsa15,3823,0,AG16618_12.hap2
chr17_hap1_hsa18,0,0,AG16618_12.hap2
chr18_hap1_hsa16,0,0,AG16618_12.hap2
chr19_hap1_hsa17,0,0,AG16618_12.hap2
chr20_hap1_hsa19,0,0,AG16618_12.hap2
chr21_hap1_hsa20,0,0,AG16618_12.hap2
chr22_hap1_hsa21,0,2254,AG16618_12.hap2
chr23_hap1_hsa22,0,0,AG16618_12.hap2
chr1_hap1_hsa1,0,0,AG18360_11.hap2
chr2_hap1_hsa3,0,0,AG18360_11.hap2
chr3_hap1_hsa4,0,0,AG18360_11.hap2
chr4_hap1_hsa5,0,0,AG18360_11.hap2
chr5_hap1_hsa6,0,0,AG18360_11.hap2
chr6_hap1_hsa7,0,6735,AG18360_11.hap2
chr7_hap1_hsa8,0,0,AG18360_11.hap2
chr8_hap1_hsa10,0,0,AG18360_11.hap2
chr9_hap1_hsa11,8454,0,AG18360_11.hap2
chr10_hap1_hsa12,0,0,AG18360_11.hap2
chr11_hap1_hsa9,0,8602,AG18360_11.hap2
chr12_hap1_hsa2a,0,0,AG18360_11.hap2
chr13_hap1_hsa2b,0,0,AG18360_11.hap2
chr14_hap1_hsa13,0,0,AG18360_11.hap2
chr15_hap1_hsa14,3957,0,AG18360_11.hap2
chr16_hap1_hsa15,0,0,AG18360_11.hap2
chr17_hap1_hsa18,0,0,AG18360_11.hap2
chr18_hap1_hsa16,0,0,AG18360_11.hap2
chr19_hap1_hsa17,0,0,AG18360_11.hap2
chr20_hap1_hsa19,0,891,AG18360_11.hap2
chr21_hap1_hsa20,0,0,AG18360_11.hap2
chr22_hap1_hsa21,0,0,AG18360_11.hap2
chr23_hap1_hsa22,0,0,AG18360_11.hap2
chr1_hap1_hsa1,0,0,AG18353_9.hap2
chr2_hap1_hsa3,1321,4596,AG18353_9.hap2
chr3_hap1_hsa4,0,5169,AG18353_9.hap2
chr4_hap1_hsa5,0,0,AG18353_9.hap2
chr5_hap1_hsa6,0,0,AG18353_9.hap2
chr6_hap1_hsa7,0,0,AG18353_9.hap2
chr7_hap1_hsa8,0,0,AG18353_9.hap2
chr8_hap1_hsa10,0,4105,AG18353_9.hap2
chr9_hap1_hsa11,0,4461,AG18353_9.hap2
chr10_hap1_hsa12,0,0,AG18353_9.hap2
chr11_hap1_hsa9,0,5140,AG18353_9.hap2
chr12_hap1_hsa2a,0,0,AG18353_9.hap2
chr13_hap1_hsa2b,0,0,AG18353_9.hap2
chr14_hap1_hsa13,0,673,AG18353_9.hap2
chr15_hap1_hsa14,0,0,AG18353_9.hap2
chr16_hap1_hsa15,3772,0,AG18353_9.hap2
chr17_hap1_hsa18,2225,0,AG18353_9.hap2
chr18_hap1_hsa16,0,0,AG18353_9.hap2
chr19_hap1_hsa17,0,0,AG18353_9.hap2
chr20_hap1_hsa19,0,0,AG18353_9.hap2
chr21_hap1_hsa20,5822,0,AG18353_9.hap2
chr22_hap1_hsa21,0,10638,AG18353_9.hap2
chr23_hap1_hsa22,0,0,AG18353_9.hap2
chr1_hap1_hsa1,0,7622,PR01100.hap1
chr2_hap1_hsa3,0,0,PR01100.hap1
chr3_hap1_hsa4,0,1358,PR01100.hap1
chr4_hap1_hsa5,0,0,PR01100.hap1
chr5_hap1_hsa6,0,0,PR01100.hap1
chr6_hap1_hsa7,0,1621,PR01100.hap1
chr7_hap1_hsa8,0,4589,PR01100.hap1
chr8_hap1_hsa10,0,0,PR01100.hap1
chr9_hap1_hsa11,3380,0,PR01100.hap1
chr10_hap1_hsa12,0,4080,PR01100.hap1
chr11_hap1_hsa9,3068,0,PR01100.hap1
chr12_hap1_hsa2a,4286,7861,PR01100.hap1
chr13_hap1_hsa2b,3122,0,PR01100.hap1
chr14_hap1_hsa13,3180,0,PR01100.hap1
chr15_hap1_hsa14,4032,0,PR01100.hap1
chr16_hap1_hsa15,1409,0,PR01100.hap1
chr17_hap1_hsa18,2435,0,PR01100.hap1
chr18_hap1_hsa16,0,1410,PR01100.hap1
chr19_hap1_hsa17,0,2688,PR01100.hap1
chr20_hap1_hsa19,0,0,PR01100.hap1
chr21_hap1_hsa20,3434,0,PR01100.hap1
chr22_hap1_hsa21,1793,0,PR01100.hap1
chr23_hap1_hsa22,0,0,PR01100.hap1
chr1_hap1_hsa1,0,7838,AG18358_4.hap2
chr2_hap1_hsa3,0,5530,AG18358_4.hap2
chr3_hap1_hsa4,0,0,AG18358_4.hap2
chr4_hap1_hsa5,1682,0,AG18358_4.hap2
chr5_hap1_hsa6,0,0,AG18358_4.hap2
chr6_hap1_hsa7,0,0,AG18358_4.hap2
chr7_hap1_hsa8,0,1864,AG18358_4.hap2
chr8_hap1_hsa10,0,0,AG18358_4.hap2
chr9_hap1_hsa11,10190,6705,AG18358_4.hap2
chr10_hap1_hsa12,7256,0,AG18358_4.hap2
chr11_hap1_hsa9,0,5708,AG18358_4.hap2
chr12_hap1_hsa2a,3085,2244,AG18358_4.hap2
chr13_hap1_hsa2b,0,0,AG18358_4.hap2
chr14_hap1_hsa13,9023,0,AG18358_4.hap2
chr15_hap1_hsa14,0,0,AG18358_4.hap2
chr16_hap1_hsa15,3989,0,AG18358_4.hap2
chr17_hap1_hsa18,7762,0,AG18358_4.hap2
chr18_hap1_hsa16,0,0,AG18358_4.hap2
chr19_hap1_hsa17,0,0,AG18358_4.hap2
chr20_hap1_hsa19,0,0,AG18358_4.hap2
chr21_hap1_hsa20,0,0,AG18358_4.hap2
chr22_hap1_hsa21,0,1946,AG18358_4.hap2
chr23_hap1_hsa22,6614,0,AG18358_4.hap2
chr1_hap1_hsa1,12795,5994,PR01010.hap2
chr2_hap1_hsa3,3194,10942,PR01010.hap2
chr3_hap1_hsa4,0,13492,PR01010.hap2
chr4_hap1_hsa5,12990,12960,PR01010.hap2
chr5_hap1_hsa6,12189,0,PR01010.hap2
chr6_hap1_hsa7,11562,9485,PR01010.hap2
chr7_hap1_hsa8,8873,0,PR01010.hap2
chr8_hap1_hsa10,0,9926,PR01010.hap2
chr9_hap1_hsa11,1515,9707,PR01010.hap2
chr10_hap1_hsa12,14541,0,PR01010.hap2
chr11_hap1_hsa9,6892,10656,PR01010.hap2
chr12_hap1_hsa2a,5228,5781,PR01010.hap2
chr13_hap1_hsa2b,0,11947,PR01010.hap2
chr14_hap1_hsa13,11868,0,PR01010.hap2
chr15_hap1_hsa14,10602,0,PR01010.hap2
chr16_hap1_hsa15,9038,9249,PR01010.hap2
chr17_hap1_hsa18,5237,0,PR01010.hap2
chr18_hap1_hsa16,6331,9599,PR01010.hap2
chr19_hap1_hsa17,7810,6928,PR01010.hap2
chr20_hap1_hsa19,0,9208,PR01010.hap2
chr21_hap1_hsa20,2741,10851,PR01010.hap2
chr22_hap1_hsa21,8250,0,PR01010.hap2
chr23_hap1_hsa22,9872,0,PR01010.hap2
chr1_hap1_hsa1,0,0,PR01100.hap2
chr2_hap1_hsa3,4847,0,PR01100.hap2
chr3_hap1_hsa4,0,0,PR01100.hap2
chr4_hap1_hsa5,0,0,PR01100.hap2
chr5_hap1_hsa6,0,0,PR01100.hap2
chr6_hap1_hsa7,0,0,PR01100.hap2
chr7_hap1_hsa8,6199,1586,PR01100.hap2
chr8_hap1_hsa10,0,0,PR01100.hap2
chr9_hap1_hsa11,4971,0,PR01100.hap2
chr10_hap1_hsa12,3987,3279,PR01100.hap2
chr11_hap1_hsa9,0,3033,PR01100.hap2
chr12_hap1_hsa2a,2786,0,PR01100.hap2
chr13_hap1_hsa2b,3587,0,PR01100.hap2
chr14_hap1_hsa13,3180,0,PR01100.hap2
chr15_hap1_hsa14,2578,0,PR01100.hap2
chr16_hap1_hsa15,1683,0,PR01100.hap2
chr17_hap1_hsa18,0,0,PR01100.hap2
chr18_hap1_hsa16,0,0,PR01100.hap2
chr19_hap1_hsa17,0,0,PR01100.hap2
chr20_hap1_hsa19,0,0,PR01100.hap2
chr21_hap1_hsa20,0,0,PR01100.hap2
chr22_hap1_hsa21,5708,0,PR01100.hap2
chr23_hap1_hsa22,0,0,PR01100.hap2
chr1_hap1_hsa1,0,10932,AG18357_3.hap1
chr2_hap1_hsa3,0,0,AG18357_3.hap1
chr3_hap1_hsa4,0,5495,AG18357_3.hap1
chr4_hap1_hsa5,0,4137,AG18357_3.hap1
chr5_hap1_hsa6,0,0,AG18357_3.hap1
chr6_hap1_hsa7,0,0,AG18357_3.hap1
chr7_hap1_hsa8,0,1813,AG18357_3.hap1
chr8_hap1_hsa10,0,0,AG18357_3.hap1
chr9_hap1_hsa11,3733,0,AG18357_3.hap1
chr10_hap1_hsa12,2008,0,AG18357_3.hap1
chr11_hap1_hsa9,0,0,AG18357_3.hap1
chr12_hap1_hsa2a,0,0,AG18357_3.hap1
chr13_hap1_hsa2b,0,0,AG18357_3.hap1
chr14_hap1_hsa13,0,0,AG18357_3.hap1
chr15_hap1_hsa14,0,0,AG18357_3.hap1
chr16_hap1_hsa15,0,3119,AG18357_3.hap1
chr17_hap1_hsa18,3682,4372,AG18357_3.hap1
chr18_hap1_hsa16,4519,0,AG18357_3.hap1
chr19_hap1_hsa17,5332,0,AG18357_3.hap1
chr20_hap1_hsa19,0,0,AG18357_3.hap1
chr21_hap1_hsa20,0,0,AG18357_3.hap1
chr22_hap1_hsa21,0,5625,AG18357_3.hap1
chr23_hap1_hsa22,0,0,AG18357_3.hap1
chr1_hap1_hsa1,0,0,PR01223.hap1
chr2_hap1_hsa3,0,0,PR01223.hap1
chr3_hap1_hsa4,0,2265,PR01223.hap1
chr4_hap1_hsa5,0,4913,PR01223.hap1
chr5_hap1_hsa6,0,0,PR01223.hap1
chr6_hap1_hsa7,0,0,PR01223.hap1
chr7_hap1_hsa8,0,7578,PR01223.hap1
chr8_hap1_hsa10,7032,0,PR01223.hap1
chr9_hap1_hsa11,7202,0,PR01223.hap1
chr10_hap1_hsa12,0,7548,PR01223.hap1
chr11_hap1_hsa9,0,6165,PR01223.hap1
chr12_hap1_hsa2a,957,0,PR01223.hap1
chr13_hap1_hsa2b,0,0,PR01223.hap1
chr14_hap1_hsa13,0,0,PR01223.hap1
chr15_hap1_hsa14,9152,0,PR01223.hap1
chr16_hap1_hsa15,4653,0,PR01223.hap1
chr17_hap1_hsa18,7692,7401,PR01223.hap1
chr18_hap1_hsa16,0,5340,PR01223.hap1
chr19_hap1_hsa17,0,0,PR01223.hap1
chr20_hap1_hsa19,0,0,PR01223.hap1
chr21_hap1_hsa20,0,1593,PR01223.hap1
chr22_hap1_hsa21,0,0,PR01223.hap1
chr23_hap1_hsa22,0,0,PR01223.hap1
chr1_hap1_hsa1,0,0,PR00838.hap2
chr2_hap1_hsa3,0,0,PR00838.hap2
chr3_hap1_hsa4,0,11531,PR00838.hap2
chr4_hap1_hsa5,0,0,PR00838.hap2
chr5_hap1_hsa6,3875,6550,PR00838.hap2
chr6_hap1_hsa7,0,0,PR00838.hap2
chr7_hap1_hsa8,0,0,PR00838.hap2
chr8_hap1_hsa10,0,3985,PR00838.hap2
chr9_hap1_hsa11,0,3862,PR00838.hap2
chr10_hap1_hsa12,7296,8289,PR00838.hap2
chr11_hap1_hsa9,0,0,PR00838.hap2
chr12_hap1_hsa2a,5561,4325,PR00838.hap2
chr13_hap1_hsa2b,9568,0,PR00838.hap2
chr14_hap1_hsa13,5950,550,PR00838.hap2
chr15_hap1_hsa14,0,0,PR00838.hap2
chr16_hap1_hsa15,3478,0,PR00838.hap2
chr17_hap1_hsa18,6151,0,PR00838.hap2
chr18_hap1_hsa16,3994,6618,PR00838.hap2
chr19_hap1_hsa17,2165,0,PR00838.hap2
chr20_hap1_hsa19,0,0,PR00838.hap2
chr21_hap1_hsa20,0,0,PR00838.hap2
chr22_hap1_hsa21,0,5263,PR00838.hap2
chr23_hap1_hsa22,0,0,PR00838.hap2
chr1_hap1_hsa1,2983,10471,mPanTro3.hap1
chr2_hap1_hsa3,5955,9103,mPanTro3.hap1
chr3_hap1_hsa4,7883,2979,mPanTro3.hap1
chr4_hap1_hsa5,11157,12121,mPanTro3.hap1
chr5_hap1_hsa6,3572,4910,mPanTro3.hap1
chr6_hap1_hsa7,5898,6250,mPanTro3.hap1
chr7_hap1_hsa8,2020,4597,mPanTro3.hap1
chr8_hap1_hsa10,5969,3476,mPanTro3.hap1
chr9_hap1_hsa11,7754,12049,mPanTro3.hap1
chr10_hap1_hsa12,6733,5245,mPanTro3.hap1
chr11_hap1_hsa9,4025,11220,mPanTro3.hap1
chr12_hap1_hsa2a,9520,4160,mPanTro3.hap1
chr13_hap1_hsa2b,11807,8915,mPanTro3.hap1
chr14_hap1_hsa13,6705,11450,mPanTro3.hap1
chr15_hap1_hsa14,14934,7363,mPanTro3.hap1
chr16_hap1_hsa15,6232,4987,mPanTro3.hap1
chr17_hap1_hsa18,5016,6680,mPanTro3.hap1
chr18_hap1_hsa16,7577,6483,mPanTro3.hap1
chr19_hap1_hsa17,6941,9096,mPanTro3.hap1
chr20_hap1_hsa19,12007,4865,mPanTro3.hap1
chr21_hap1_hsa20,4671,16750,mPanTro3.hap1
chr22_hap1_hsa21,4732,10794,mPanTro3.hap1
chr23_hap1_hsa22,3680,6114,mPanTro3.hap1
chr1_hap1_hsa1,0,2202,mPanTro3.hap2
chr2_hap1_hsa3,7461,0,mPanTro3.hap2
chr3_hap1_hsa4,16070,14217,mPanTro3.hap2
chr4_hap1_hsa5,0,5245,mPanTro3.hap2
chr5_hap1_hsa6,8920,7295,mPanTro3.hap2
chr6_hap1_hsa7,8603,4926,mPanTro3.hap2
chr7_hap1_hsa8,4135,10313,mPanTro3.hap2
chr8_hap1_hsa10,9448,5905,mPanTro3.hap2
chr9_hap1_hsa11,6975,5274,mPanTro3.hap2
chr10_hap1_hsa12,7974,8103,mPanTro3.hap2
chr11_hap1_hsa9,13423,0,mPanTro3.hap2
chr12_hap1_hsa2a,7658,2483,mPanTro3.hap2
chr13_hap1_hsa2b,10031,2836,mPanTro3.hap2
chr14_hap1_hsa13,10633,2550,mPanTro3.hap2
chr15_hap1_hsa14,3196,10469,mPanTro3.hap2
chr16_hap1_hsa15,7750,10587,mPanTro3.hap2
chr17_hap1_hsa18,8319,10499,mPanTro3.hap2
chr18_hap1_hsa16,654,5940,mPanTro3.hap2
chr19_hap1_hsa17,5098,3999,mPanTro3.hap2
chr20_hap1_hsa19,3006,6834,mPanTro3.hap2
chr21_hap1_hsa20,1907,4534,mPanTro3.hap2
chr22_hap1_hsa21,6274,10607,mPanTro3.hap2
chr23_hap1_hsa22,8714,2383,mPanTro3.hap2
chr1_hap1_hsa1,6220,7017,PR01227.hap1
chr2_hap1_hsa3,9922,0,PR01227.hap1
chr3_hap1_hsa4,0,8019,PR01227.hap1
chr4_hap1_hsa5,46337,5646,PR01227.hap1
chr5_hap1_hsa6,0,12235,PR01227.hap1
chr6_hap1_hsa7,0,10498,PR01227.hap1
chr7_hap1_hsa8,0,12433,PR01227.hap1
chr8_hap1_hsa10,16118,0,PR01227.hap1
chr9_hap1_hsa11,7054,14774,PR01227.hap1
chr10_hap1_hsa12,6149,0,PR01227.hap1
chr11_hap1_hsa9,12807,8475,PR01227.hap1
chr12_hap1_hsa2a,6841,5950,PR01227.hap1
chr13_hap1_hsa2b,10046,6397,PR01227.hap1
chr14_hap1_hsa13,8864,0,PR01227.hap1
chr15_hap1_hsa14,0,10362,PR01227.hap1
chr16_hap1_hsa15,10446,0,PR01227.hap1
chr17_hap1_hsa18,6358,0,PR01227.hap1
chr18_hap1_hsa16,0,3782,PR01227.hap1
chr19_hap1_hsa17,11473,0,PR01227.hap1
chr20_hap1_hsa19,5338,5744,PR01227.hap1
chr21_hap1_hsa20,9380,5584,PR01227.hap1
chr22_hap1_hsa21,0,7201,PR01227.hap1
chr23_hap1_hsa22,6000,0,PR01227.hap1
chr1_hap1_hsa1,0,6365,PR01009.hap1
chr2_hap1_hsa3,9365,6856,PR01009.hap1
chr3_hap1_hsa4,0,0,PR01009.hap1
chr4_hap1_hsa5,0,10067,PR01009.hap1
chr5_hap1_hsa6,0,0,PR01009.hap1
chr6_hap1_hsa7,0,4771,PR01009.hap1
chr7_hap1_hsa8,0,5378,PR01009.hap1
chr8_hap1_hsa10,0,0,PR01009.hap1
chr9_hap1_hsa11,12125,0,PR01009.hap1
chr10_hap1_hsa12,9728,0,PR01009.hap1
chr11_hap1_hsa9,0,0,PR01009.hap1
chr12_hap1_hsa2a,12207,0,PR01009.hap1
chr13_hap1_hsa2b,17531,701,PR01009.hap1
chr14_hap1_hsa13,0,0,PR01009.hap1
chr15_hap1_hsa14,0,0,PR01009.hap1
chr16_hap1_hsa15,0,0,PR01009.hap1
chr17_hap1_hsa18,0,0,PR01009.hap1
chr18_hap1_hsa16,0,0,PR01009.hap1
chr19_hap1_hsa17,0,0,PR01009.hap1
chr20_hap1_hsa19,0,0,PR01009.hap1
chr21_hap1_hsa20,0,0,PR01009.hap1
chr22_hap1_hsa21,6973,0,PR01009.hap1
chr23_hap1_hsa22,0,0,PR01009.hap1
chr1_hap1_hsa1,2378,0,AG18361_10.hap1
chr2_hap1_hsa3,0,0,AG18361_10.hap1
chr3_hap1_hsa4,0,2195,AG18361_10.hap1
chr4_hap1_hsa5,0,0,AG18361_10.hap1
chr5_hap1_hsa6,0,5991,AG18361_10.hap1
chr6_hap1_hsa7,2219,0,AG18361_10.hap1
chr7_hap1_hsa8,0,0,AG18361_10.hap1
chr8_hap1_hsa10,0,2767,AG18361_10.hap1
chr9_hap1_hsa11,0,0,AG18361_10.hap1
chr10_hap1_hsa12,1162,0,AG18361_10.hap1
chr11_hap1_hsa9,4786,0,AG18361_10.hap1
chr12_hap1_hsa2a,4315,0,AG18361_10.hap1
chr13_hap1_hsa2b,0,0,AG18361_10.hap1
chr14_hap1_hsa13,0,0,AG18361_10.hap1
chr15_hap1_hsa14,0,0,AG18361_10.hap1
chr16_hap1_hsa15,2582,3475,AG18361_10.hap1
chr17_hap1_hsa18,565,0,AG18361_10.hap1
chr18_hap1_hsa16,0,0,AG18361_10.hap1
chr19_hap1_hsa17,0,0,AG18361_10.hap1
chr20_hap1_hsa19,0,6108,AG18361_10.hap1
chr21_hap1_hsa20,0,0,AG18361_10.hap1
chr22_hap1_hsa21,11884,0,AG18361_10.hap1
chr23_hap1_hsa22,0,3137,AG18361_10.hap1
chr1_hap1_hsa1,0,989,AG18355_8.hap2
chr2_hap1_hsa3,0,0,AG18355_8.hap2
chr3_hap1_hsa4,0,11249,AG18355_8.hap2
chr4_hap1_hsa5,0,0,AG18355_8.hap2
chr5_hap1_hsa6,0,0,AG18355_8.hap2
chr6_hap1_hsa7,0,0,AG18355_8.hap2
chr7_hap1_hsa8,0,0,AG18355_8.hap2
chr8_hap1_hsa10,0,0,AG18355_8.hap2
chr9_hap1_hsa11,9155,0,AG18355_8.hap2
chr10_hap1_hsa12,7285,0,AG18355_8.hap2
chr11_hap1_hsa9,6190,0,AG18355_8.hap2
chr12_hap1_hsa2a,1109,0,AG18355_8.hap2
chr13_hap1_hsa2b,0,0,AG18355_8.hap2
chr14_hap1_hsa13,0,0,AG18355_8.hap2
chr15_hap1_hsa14,0,0,AG18355_8.hap2
chr16_hap1_hsa15,0,0,AG18355_8.hap2
chr17_hap1_hsa18,9134,1343,AG18355_8.hap2
chr18_hap1_hsa16,0,0,AG18355_8.hap2
chr19_hap1_hsa17,5392,0,AG18355_8.hap2
chr20_hap1_hsa19,0,0,AG18355_8.hap2
chr21_hap1_hsa20,3428,0,AG18355_8.hap2
chr22_hap1_hsa21,0,0,AG18355_8.hap2
chr23_hap1_hsa22,0,0,AG18355_8.hap2
chr1_hap1_hsa1,0,0,AG18355_8.hap1
chr2_hap1_hsa3,0,6385,AG18355_8.hap1
chr3_hap1_hsa4,0,0,AG18355_8.hap1
chr4_hap1_hsa5,0,0,AG18355_8.hap1
chr5_hap1_hsa6,0,0,AG18355_8.hap1
chr6_hap1_hsa7,18204,2871,AG18355_8.hap1
chr7_hap1_hsa8,0,4676,AG18355_8.hap1
chr8_hap1_hsa10,0,7475,AG18355_8.hap1
chr9_hap1_hsa11,3996,0,AG18355_8.hap1
chr10_hap1_hsa12,4143,0,AG18355_8.hap1
chr11_hap1_hsa9,0,0,AG18355_8.hap1
chr12_hap1_hsa2a,7714,0,AG18355_8.hap1
chr13_hap1_hsa2b,0,0,AG18355_8.hap1
chr14_hap1_hsa13,0,0,AG18355_8.hap1
chr15_hap1_hsa14,4417,0,AG18355_8.hap1
chr16_hap1_hsa15,2102,0,AG18355_8.hap1
chr17_hap1_hsa18,6154,0,AG18355_8.hap1
chr18_hap1_hsa16,0,3065,AG18355_8.hap1
chr19_hap1_hsa17,0,0,AG18355_8.hap1
chr20_hap1_hsa19,0,0,AG18355_8.hap1
chr21_hap1_hsa20,0,6635,AG18355_8.hap1
chr22_hap1_hsa21,0,0,AG18355_8.hap1
chr23_hap1_hsa22,0,0,AG18355_8.hap1
chr1_hap1_hsa1,0,11708,PR00115.hap2
chr2_hap1_hsa3,0,0,PR00115.hap2
chr3_hap1_hsa4,0,5542,PR00115.hap2
chr4_hap1_hsa5,14422,14935,PR00115.hap2
chr5_hap1_hsa6,5200,0,PR00115.hap2
chr6_hap1_hsa7,22118,0,PR00115.hap2
chr7_hap1_hsa8,0,0,PR00115.hap2
chr8_hap1_hsa10,0,0,PR00115.hap2
chr9_hap1_hsa11,12499,0,PR00115.hap2
chr10_hap1_hsa12,6980,0,PR00115.hap2
chr11_hap1_hsa9,5981,19610,PR00115.hap2
chr12_hap1_hsa2a,9536,0,PR00115.hap2
chr13_hap1_hsa2b,0,3911,PR00115.hap2
chr14_hap1_hsa13,16210,0,PR00115.hap2
chr15_hap1_hsa14,0,0,PR00115.hap2
chr16_hap1_hsa15,18634,0,PR00115.hap2
chr17_hap1_hsa18,12701,0,PR00115.hap2
chr18_hap1_hsa16,0,5449,PR00115.hap2
chr19_hap1_hsa17,0,15753,PR00115.hap2
chr20_hap1_hsa19,6224,3168,PR00115.hap2
chr21_hap1_hsa20,5189,0,PR00115.hap2
chr22_hap1_hsa21,4097,18000,PR00115.hap2
chr23_hap1_hsa22,2397,0,PR00115.hap2
chr1_hap1_hsa1,0,0,AG18360_11.hap1
chr2_hap1_hsa3,0,1438,AG18360_11.hap1
chr3_hap1_hsa4,0,0,AG18360_11.hap1
chr4_hap1_hsa5,0,0,AG18360_11.hap1
chr5_hap1_hsa6,0,0,AG18360_11.hap1
chr6_hap1_hsa7,0,0,AG18360_11.hap1
chr7_hap1_hsa8,0,0,AG18360_11.hap1
chr8_hap1_hsa10,0,1751,AG18360_11.hap1
chr9_hap1_hsa11,0,0,AG18360_11.hap1
chr10_hap1_hsa12,6137,0,AG18360_11.hap1
chr11_hap1_hsa9,6843,3459,AG18360_11.hap1
chr12_hap1_hsa2a,2452,4410,AG18360_11.hap1
chr13_hap1_hsa2b,11605,0,AG18360_11.hap1
chr14_hap1_hsa13,0,2112,AG18360_11.hap1
chr15_hap1_hsa14,0,0,AG18360_11.hap1
chr16_hap1_hsa15,9269,0,AG18360_11.hap1
chr17_hap1_hsa18,0,0,AG18360_11.hap1
chr18_hap1_hsa16,1465,4573,AG18360_11.hap1
chr19_hap1_hsa17,0,0,AG18360_11.hap1
chr20_hap1_hsa19,0,0,AG18360_11.hap1
chr21_hap1_hsa20,0,0,AG18360_11.hap1
chr22_hap1_hsa21,0,0,AG18360_11.hap1
chr23_hap1_hsa22,1568,0,AG18360_11.hap1
chr1_hap1_hsa1,0,0,PR01009.hap2
chr2_hap1_hsa3,0,0,PR01009.hap2
chr3_hap1_hsa4,0,3929,PR01009.hap2
chr4_hap1_hsa5,0,0,PR01009.hap2
chr5_hap1_hsa6,0,0,PR01009.hap2
chr6_hap1_hsa7,8720,0,PR01009.hap2
chr7_hap1_hsa8,5213,0,PR01009.hap2
chr8_hap1_hsa10,0,8972,PR01009.hap2
chr9_hap1_hsa11,3442,0,PR01009.hap2
chr10_hap1_hsa12,0,0,PR01009.hap2
chr11_hap1_hsa9,5200,8431,PR01009.hap2
chr12_hap1_hsa2a,14346,0,PR01009.hap2
chr13_hap1_hsa2b,0,0,PR01009.hap2
chr14_hap1_hsa13,4535,0,PR01009.hap2
chr15_hap1_hsa14,11683,0,PR01009.hap2
chr16_hap1_hsa15,10237,0,PR01009.hap2
chr17_hap1_hsa18,0,0,PR01009.hap2
chr18_hap1_hsa16,5340,0,PR01009.hap2
chr19_hap1_hsa17,0,0,PR01009.hap2
chr20_hap1_hsa19,0,0,PR01009.hap2
chr21_hap1_hsa20,3354,0,PR01009.hap2
chr22_hap1_hsa21,0,0,PR01009.hap2
chr23_hap1_hsa22,0,0,PR01009.hap2
chr1_hap1_hsa1,0,0,AG06939_13.hap1
chr2_hap1_hsa3,6005,6799,AG06939_13.hap1
chr3_hap1_hsa4,0,6840,AG06939_13.hap1
chr4_hap1_hsa5,0,4508,AG06939_13.hap1
chr5_hap1_hsa6,0,0,AG06939_13.hap1
chr6_hap1_hsa7,0,0,AG06939_13.hap1
chr7_hap1_hsa8,0,0,AG06939_13.hap1
chr8_hap1_hsa10,8637,0,AG06939_13.hap1
chr9_hap1_hsa11,0,0,AG06939_13.hap1
chr10_hap1_hsa12,8928,0,AG06939_13.hap1
chr11_hap1_hsa9,0,0,AG06939_13.hap1
chr12_hap1_hsa2a,9559,0,AG06939_13.hap1
chr13_hap1_hsa2b,9564,0,AG06939_13.hap1
chr14_hap1_hsa13,0,5461,AG06939_13.hap1
chr15_hap1_hsa14,0,0,AG06939_13.hap1
chr16_hap1_hsa15,1238,0,AG06939_13.hap1
chr17_hap1_hsa18,3869,3217,AG06939_13.hap1
chr18_hap1_hsa16,11193,0,AG06939_13.hap1
chr19_hap1_hsa17,0,0,AG06939_13.hap1
chr20_hap1_hsa19,0,0,AG06939_13.hap1
chr21_hap1_hsa20,0,0,AG06939_13.hap1
chr22_hap1_hsa21,0,0,AG06939_13.hap1
chr23_hap1_hsa22,0,0,AG06939_13.hap1
chr1_hap1_hsa1,0,0,AG16618_12.hap1
chr2_hap1_hsa3,0,0,AG16618_12.hap1
chr3_hap1_hsa4,0,0,AG16618_12.hap1
chr4_hap1_hsa5,0,8076,AG16618_12.hap1
chr5_hap1_hsa6,0,4278,AG16618_12.hap1
chr6_hap1_hsa7,3320,0,AG16618_12.hap1
chr7_hap1_hsa8,710,0,AG16618_12.hap1
chr8_hap1_hsa10,0,0,AG16618_12.hap1
chr9_hap1_hsa11,3951,0,AG16618_12.hap1
chr10_hap1_hsa12,7483,0,AG16618_12.hap1
chr11_hap1_hsa9,3190,1142,AG16618_12.hap1
chr12_hap1_hsa2a,6519,0,AG16618_12.hap1
chr13_hap1_hsa2b,0,3799,AG16618_12.hap1
chr14_hap1_hsa13,0,0,AG16618_12.hap1
chr15_hap1_hsa14,0,0,AG16618_12.hap1
chr16_hap1_hsa15,5193,0,AG16618_12.hap1
chr17_hap1_hsa18,1399,0,AG16618_12.hap1
chr18_hap1_hsa16,13411,6265,AG16618_12.hap1
chr19_hap1_hsa17,0,0,AG16618_12.hap1
chr20_hap1_hsa19,0,0,AG16618_12.hap1
chr21_hap1_hsa20,0,0,AG16618_12.hap1
chr22_hap1_hsa21,0,2442,AG16618_12.hap1
chr23_hap1_hsa22,2107,0,AG16618_12.hap1
chr1_hap1_hsa1,0,14248,PR01010.hap1
chr2_hap1_hsa3,0,8859,PR01010.hap1
chr3_hap1_hsa4,0,7478,PR01010.hap1
chr4_hap1_hsa5,0,10000,PR01010.hap1
chr5_hap1_hsa6,5809,15437,PR01010.hap1
chr6_hap1_hsa7,8473,6640,PR01010.hap1
chr7_hap1_hsa8,16134,9861,PR01010.hap1
chr8_hap1_hsa10,0,7945,PR01010.hap1
chr9_hap1_hsa11,3477,11016,PR01010.hap1
chr10_hap1_hsa12,10458,7662,PR01010.hap1
chr11_hap1_hsa9,8744,13410,PR01010.hap1
chr12_hap1_hsa2a,12865,8305,PR01010.hap1
chr13_hap1_hsa2b,12806,5053,PR01010.hap1
chr14_hap1_hsa13,12307,0,PR01010.hap1
chr15_hap1_hsa14,12900,0,PR01010.hap1
chr16_hap1_hsa15,7684,0,PR01010.hap1
chr17_hap1_hsa18,0,0,PR01010.hap1
chr18_hap1_hsa16,0,13646,PR01010.hap1
chr19_hap1_hsa17,4406,7483,PR01010.hap1
chr20_hap1_hsa19,12536,9410,PR01010.hap1
chr21_hap1_hsa20,6166,5842,PR01010.hap1
chr22_hap1_hsa21,4820,0,PR01010.hap1
chr23_hap1_hsa22,7451,0,PR01010.hap1
chr1_hap1_hsa1,5423,10522,PR01227.hap2
chr2_hap1_hsa3,11442,0,PR01227.hap2
chr3_hap1_hsa4,6878,0,PR01227.hap2
chr4_hap1_hsa5,7462,1064,PR01227.hap2
chr5_hap1_hsa6,4812,8188,PR01227.hap2
chr6_hap1_hsa7,0,5845,PR01227.hap2
chr7_hap1_hsa8,0,5950,PR01227.hap2
chr8_hap1_hsa10,8487,5770,PR01227.hap2
chr9_hap1_hsa11,10103,4874,PR01227.hap2
chr10_hap1_hsa12,5782,3910,PR01227.hap2
chr11_hap1_hsa9,6497,0,PR01227.hap2
chr12_hap1_hsa2a,14414,5805,PR01227.hap2
chr13_hap1_hsa2b,12350,9801,PR01227.hap2
chr14_hap1_hsa13,0,0,PR01227.hap2
chr15_hap1_hsa14,5083,0,PR01227.hap2
chr16_hap1_hsa15,9015,15293,PR01227.hap2
chr17_hap1_hsa18,11238,10921,PR01227.hap2
chr18_hap1_hsa16,0,0,PR01227.hap2
chr19_hap1_hsa17,0,4723,PR01227.hap2
chr20_hap1_hsa19,7276,6653,PR01227.hap2
chr21_hap1_hsa20,2463,9921,PR01227.hap2
chr22_hap1_hsa21,0,0,PR01227.hap2
chr23_hap1_hsa22,0,0,PR01227.hap2
chr1_hap1_hsa1,0,11222,PR01008.hap1
chr2_hap1_hsa3,0,6787,PR01008.hap1
chr3_hap1_hsa4,0,9903,PR01008.hap1
chr4_hap1_hsa5,9049,0,PR01008.hap1
chr5_hap1_hsa6,8895,0,PR01008.hap1
chr6_hap1_hsa7,0,0,PR01008.hap1
chr7_hap1_hsa8,6286,6650,PR01008.hap1
chr8_hap1_hsa10,0,10216,PR01008.hap1
chr9_hap1_hsa11,7959,0,PR01008.hap1
chr10_hap1_hsa12,6563,0,PR01008.hap1
chr11_hap1_hsa9,12762,0,PR01008.hap1
chr12_hap1_hsa2a,9358,0,PR01008.hap1
chr13_hap1_hsa2b,12944,0,PR01008.hap1
chr14_hap1_hsa13,3680,0,PR01008.hap1
chr15_hap1_hsa14,15723,0,PR01008.hap1
chr16_hap1_hsa15,9741,8968,PR01008.hap1
chr17_hap1_hsa18,7922,0,PR01008.hap1
chr18_hap1_hsa16,4650,14635,PR01008.hap1
chr19_hap1_hsa17,0,6401,PR01008.hap1
chr20_hap1_hsa19,5647,8068,PR01008.hap1
chr21_hap1_hsa20,10566,1710,PR01008.hap1
chr22_hap1_hsa21,8854,12240,PR01008.hap1
chr23_hap1_hsa22,18261,0,PR01008.hap1
chr1_hap1_hsa1,0,11659,PR01225.hap2
chr2_hap1_hsa3,6394,0,PR01225.hap2
chr3_hap1_hsa4,0,0,PR01225.hap2
chr4_hap1_hsa5,0,0,PR01225.hap2
chr5_hap1_hsa6,0,0,PR01225.hap2
chr6_hap1_hsa7,0,0,PR01225.hap2
chr7_hap1_hsa8,9152,0,PR01225.hap2
chr8_hap1_hsa10,0,0,PR01225.hap2
chr9_hap1_hsa11,8716,0,PR01225.hap2
chr10_hap1_hsa12,5426,0,PR01225.hap2
chr11_hap1_hsa9,0,0,PR01225.hap2
chr12_hap1_hsa2a,7687,0,PR01225.hap2
chr13_hap1_hsa2b,0,15237,PR01225.hap2
chr14_hap1_hsa13,0,2848,PR01225.hap2
chr15_hap1_hsa14,0,0,PR01225.hap2
chr16_hap1_hsa15,2209,0,PR01225.hap2
chr17_hap1_hsa18,2419,0,PR01225.hap2
chr18_hap1_hsa16,0,0,PR01225.hap2
chr19_hap1_hsa17,0,0,PR01225.hap2
chr20_hap1_hsa19,0,0,PR01225.hap2
chr21_hap1_hsa20,1374,0,PR01225.hap2
chr22_hap1_hsa21,3364,0,PR01225.hap2
chr23_hap1_hsa22,6125,0,PR01225.hap2
