chromosome,start,end,T_pooled_myr,genes,descriptions,gene_biotypes,SRA_overlap_percent,tr_overlap_percent,rmsk_overlap_percent,feature_annotation
chr1,245397000,245398000,24.716233100621718,SMYD3,SET and MYND domain containing 3,protein_coding,19.900000000000002,80.2,100,"L2c#LINE/L2,SEDEF_SD,SRA,TR"
chr2,242517000,242518000,23.464313718922263,LINC01237,long intergenic non-protein coding RNA 1237,lncRNA,0,100,0,"SEDEF_SD,TR"
chr6,169904000,169905000,22.1176030584335,SMOC2,SPARC related modular calcium binding 2,protein_coding,6.1,98.8,100,"L1PA4#LINE/L1,SRA,TR"
chr22,18548000,18549000,22.016875263827412,MICAL3,microtubule associated monooxygenase%2C calponin and LIM domain containing 3,protein_coding,0.6,100,0,"SEDEF_SD,SRA,TR"
chr17,67675000,67676000,21.939658746737297,PRKCA,protein kinase C alpha,protein_coding,54.1,50.8,100,"L1MC4#LINE/L1,SRA,TR"
chr10,1238000,1239000,21.89386892043961,ADARB2,adenosine deaminase RNA specific B2 (inactive),protein_coding,9.700000000000001,5.3,67.30000000000001,"L2d#LINE/L2,SEDEF_SD,SRA,TR"
chr19,58950000,58951000,21.526052915196647,NLRP4,NLR family pyrin domain containing 4,protein_coding,0,100,351.79999999999995,"L1MC#LINE/L1,L1MC3#LINE/L1,L1MEg#LINE/L1,L1PA4#LINE/L1,SEDEF_SD,TR"
chr10,134067000,134068000,20.74136464827335,ADGRA1,adhesion G protein-coupled receptor A1,protein_coding,21.7,0,0,"SEDEF_SD,SRA"
chr13,13639000,13640000,20.23700451353912,GGT4P,,,13,1.6,287.9,"(TGGTGC)n#Simple_repeat,L1PA5#LINE/L1,L2#LINE/L2,L2b#LINE/L2,MIR3#SINE/MIR,SD,SEDEF_SD,SRA,TR"
chr19,16065000,16066000,20.0051403882504,CYP4F11,cytochrome P450 family 4 subfamily F member 11,protein_coding,0,0,46,"L2b#LINE/L2,SEDEF_SD"
chr8,142620000,142621000,19.924922009429352,MROH5,,,0,100,87,"HAL1#LINE/L1,L1MA3#LINE/L1,SEDEF_SD,TR"
chr5,1326000,1327000,19.8456435209166,SLC6A3,solute carrier family 6 member 3,protein_coding,48.1,0,0,"SEDEF_SD,SRA"
chr16,492000,493000,19.50141224961531,LOC124907820,RAB11 family interacting protein 3,protein_coding,10.4,72.5,0,"SRA,TR"
chr16,492000,493000,19.50141224961531,RAB11FIP3,RAB11 family interacting protein 3,protein_coding,10.4,72.5,0,"SRA,TR"
chr18,79450000,79451000,19.330040606769906,ATP9B,ATPase phospholipid transporting 9B (putative),protein_coding,0,100,163.39999999999998,"L1M5#LINE/L1,L1MC4#LINE/L1,SEDEF_SD,TR"
chr4,193207000,193208000,19.03202028192459,FRG1-DT,FRG1 divergent transcript,lncRNA,0,100,100,"L1ME1#LINE/L1,SEDEF_SD,TR"
chr17,81650000,81651000,18.84838375760853,RPTOR,regulatory associated protein of MTOR complex 1,protein_coding,48,61.6,137.3,"(GCACTA)n#Simple_repeat,L1MB3#LINE/L1,SRA,TR"
chr10,316000,317000,18.30611920278164,DIP2C,disco interacting protein 2 homolog C,protein_coding,0,0,0,SEDEF_SD
chr16,95937000,95938000,17.63920087548905,SPIRE2,spire type actin nucleation factor 2,protein_coding,0,2,0,TR
chr12,2256000,2257000,17.588296736254463,CACNA1C,calcium voltage-gated channel subunit alpha1 C,protein_coding,0,100,100,"L4_B_Mam#LINE/RTE-X,SEDEF_SD,TR"
chr17,163000,164000,17.512913658112204,RPH3AL,rabphilin 3A like (without C2 domains),protein_coding,0,100,397.1,"L1MB2#LINE/L1,L1MB3#LINE/L1,L1ME4b#LINE/L1,L2b#LINE/L2,L2c#LINE/L2,TR"
chr17,836000,837000,17.28822611569952,NXN,nucleoredoxin,protein_coding,58.3,4.2,100,"OldhAT1#DNA/hAT-Ac,SEDEF_SD,SRA,TR"
chr9,149970000,149971000,16.734801882876596,EHMT1,euchromatic histone lysine methyltransferase 1,protein_coding,0,0,200,"L1M4#LINE/L1,L2a#LINE/L2,SEDEF_SD"
chr1,11066000,11067000,16.41178345738435,DISP3,dispatched RND transporter family member 3,protein_coding,0,100,100,"L2c#LINE/L2,SEDEF_SD,TR"
chr12,132199000,132200000,16.404536994250943,NOC4L,nucleolar complex associated 4 homolog,protein_coding,0,0,158.8,"L1MB7#LINE/L1,MamRTE1#LINE/RTE-BovB,SEDEF_SD"
chr6,171508000,171509000,16.090094942233886,LOC101929614,proline-rich receptor-like protein kinase PERK10,protein_coding,74.2,30,0,"SEDEF_SD,SRA,TR"
chr13,109712000,109713000,16.006368591499733,COL4A2,collagen type IV alpha 2 chain,protein_coding,24.5,65,486.9,"L1MB7#LINE/L1,L1MB8#LINE/L1,L1ME3#LINE/L1,L2c#LINE/L2,L2d#LINE/L2,SRA,TR"
chr4,189824000,189825000,15.934079270903256,F11-AS1,F11 antisense RNA 1,lncRNA,0,0,0,.
chr16,95732000,95733000,15.920429338856037,CHMP1A,charged multivesicular body protein 1A,protein_coding,0,11.200000000000001,0,"SEDEF_SD,TR"
chr12,132293000,132294000,15.872916004800665,GALNT9,polypeptide N-acetylgalactosaminyltransferase 9,protein_coding,0,100,46.400000000000006,"(AC)n#Simple_repeat,HERVIP10FH-int#LTR/ERV1,SEDEF_SD,TR"
chr14,94160000,94161000,15.677483173310984,EML1,EMAP like 1,protein_coding,20.7,0,524.0999999999999,"(GTGGTGGTG)n#Simple_repeat,L1MB8#LINE/L1,L1MC5#LINE/L1,L1ME2#LINE/L1,L2b#LINE/L2,L3b#LINE/CR1,SRA"
chr6,31209000,31210000,15.565496755259208,HLA-B,major histocompatibility complex%2C class I%2C B,protein_coding,82.69999999999999,1.2,110.4,"(CAGAG)n#Simple_repeat,L2a#LINE/L2,L3b#LINE/CR1,SRA,TR"
chr7,4095000,4096000,15.261238971040125,SDK1,sidekick cell adhesion molecule 1,protein_coding,25,80,203.5,"L1MB7#LINE/L1,L2a#LINE/L2,L2d#LINE/L2,SEDEF_SD,SRA,TR"
chr2,1224000,1225000,15.244729348590981,SNTG2,syntrophin gamma 2,protein_coding,0,0,0,SEDEF_SD
chr5,410000,411000,14.96171482241052,AHRR,PDCD6-AHRR readthrough (NMD candidate);aryl hydrocarbon receptor repressor,lncRNA;protein_coding,0,69.69999999999999,141.79999999999998,"L1MEd#LINE/L1,Mam_R4#LINE/Dong-R4,SEDEF_SD,TR"
chr5,410000,411000,14.96171482241052,PDCD6-AHRR,PDCD6-AHRR readthrough (NMD candidate);aryl hydrocarbon receptor repressor,lncRNA;protein_coding,0,69.69999999999999,141.79999999999998,"L1MEd#LINE/L1,Mam_R4#LINE/Dong-R4,SEDEF_SD,TR"
chr22,50535000,50536000,14.841276404348836,TTLL8,tubulin tyrosine ligase like 8,protein_coding,12.4,81.3,118.30000000000001,"AluY#SINE/Alu,LTR87#LTR/ERVL,SRA,TR"
chr10,127836000,127837000,14.713581312931376,DOCK1,dedicator of cytokinesis 1,protein_coding,0,0,26,"L1MB3#LINE/L1,SEDEF_SD"
chr12,130684000,130685000,14.705872719083052,RIMBP2,RIMS binding protein 2,protein_coding,52.900000000000006,48.699999999999996,54.900000000000006,"L2a#LINE/L2,SRA,TR"
chr5,157000,158000,14.61367997761815,PLEKHG4B,pleckstrin homology and RhoGEF domain containing G4B,protein_coding,0,100,100,"MER1B#DNA/hAT-Charlie,SEDEF_SD,TR"
chr4,37554000,37555000,14.527353109954165,C4orf19,chromosome 4 open reading frame 19,protein_coding,21.099999999999998,1.5,100,"L1MC4#LINE/L1,SRA,TR"
chr6,160957000,160958000,14.486434597605546,SOD2,superoxide dismutase 2,protein_coding,0.1,2.8000000000000003,100,"L1MDa#LINE/L1,SEDEF_SD,SRA,TR"
chr10,133310000,133311000,14.478825531872449,LRRC27,leucine rich repeat containing 27,protein_coding,77,5,124,"(CCACAC)n#Simple_repeat,L1MC1#LINE/L1,SEDEF_SD,SRA,TR"
chr21,44299000,44300000,14.274310437701196,PCBP3,poly(rC) binding protein 3,protein_coding,0,100,190.2,"L1ME3A#LINE/L1,L1MEd#LINE/L1,SEDEF_SD,TR"
chr20,65995000,65996000,14.151118987296567,MYT1,myelin transcription factor 1,protein_coding,0,100,0,"SEDEF_SD,TR"
chr13,112016000,112017000,14.14582346914864,ATP11A,ATPase phospholipid transporting 11A,protein_coding,44.7,63.6,0,"SRA,TR"
chr12,193000,194000,13.967989322557505,SLC6A12,solute carrier family 6 member 12,protein_coding,4.7,96.1,100,"L1ME4a#LINE/L1,SRA,TR"
chr1,721000,722000,13.94250495099929,SCNN1D,sodium channel epithelial 1 subunit delta,protein_coding,0,74.7,0,"SEDEF_SD,TR"
chr4,187195000,187196000,13.807023637028385,STOX2,storkhead box 2,protein_coding,0,100,0,TR
chr1,3204000,3205000,13.573074837068567,TP73,tumor protein p73,protein_coding,0,100,124.8,"(CCCTCAG)n#Simple_repeat,L2b#LINE/L2,MSR1#Satellite,SAT,SEDEF_SD,TR"
chr6,29804000,29805000,13.50203645662213,HCG4P5,,,81.10000000000001,2.8000000000000003,148.2,"AluY#SINE/Alu,Charlie9#DNA/hAT-Charlie,MLT1E3#LTR/ERVL-MaLR,SRA,TR"
chr6,31136000,31137000,13.42834279680144,HLA-C,major histocompatibility complex%2C class I%2C C,protein_coding,100,3.4000000000000004,274.3,"(AGGCC)n#Simple_repeat,L1MEf#LINE/L1,L1PA8A#LINE/L1,L3#LINE/CR1,SRA,TR"
chr14,99524000,99525000,13.379878899114905,BRF1,BRF1 RNA polymerase III transcription initiation factor subunit,protein_coding,2.4,98.6,300,"L1MC1#LINE/L1,L1ME3#LINE/L1,MLT1A0#LTR/ERVL-MaLR,SEDEF_SD,SRA,TR"
chr6,29806000,29807000,13.282581568073631,HLA-A,major histocompatibility complex%2C class I%2C A,protein_coding,16.3,1.6,0,"SRA,TR"
chr17,372000,373000,12.690167435580873,RFLNB,refilin B,protein_coding,50.2,1.0999999999999999,84.7,"(TG)n#Simple_repeat,L2c#LINE/L2,SRA,TR"
chr5,1003000,1004000,12.582220710056088,SLC12A7,solute carrier family 12 member 7,protein_coding,0,100,100,"L1MC3#LINE/L1,SEDEF_SD,TR"
chr5,179137000,179138000,12.33746816581704,COL23A1,collagen type XXIII alpha 1 chain,protein_coding,10,72.2,29.299999999999997,"MLT1L#LTR/ERVL-MaLR,SRA,TR"
chr4,193246000,193247000,11.992744526462772,LINC01596,FRG1 divergent transcript;long intergenic non-protein coding RNA 1596,lncRNA;lncRNA,51,52.2,124.9,"MARNA#DNA/TcMar-Mariner,MIRb#SINE/MIR,SD,SEDEF_SD,SRA,TR"
chr16,865000,866000,11.939450040041924,LMF1,lipase maturation factor 1,protein_coding,0,100,100,"L1MD1#LINE/L1,SEDEF_SD,TR"
chr1,145223000,145224000,11.909261872583755,NBPF10,NBPF member 10,protein_coding,0,5.7,8.5,"(AC)n#Simple_repeat,(GA)n#Simple_repeat,(TCT)n#Simple_repeat,SD,SEDEF_SD,TR"
chr2,241479000,241480000,11.824380769530102,CROCC2,ciliary rootlet coiled-coil%2C rootletin family member 2,protein_coding,0,100,0,"SEDEF_SD,TR"
chr15,23498000,23499000,11.777012955489067,ATP10A,ATPase phospholipid transporting 10A (putative),protein_coding,0,0,552.6,"L1MA10#LINE/L1,L1ME1#LINE/L1,LTR10F#LTR/ERV1,LTR23-int#LTR/ERV1,MER57A-int#LTR/ERV1"
chr3,71474000,71475000,11.681888940136634,FOXP1,forkhead box P1,protein_coding,0,100,200,"L1M5#LINE/L1,L1MB2#LINE/L1,SEDEF_SD,TR"
chr1,1716000,1717000,11.679377810570458,LOC124905687,SKI proto-oncogene;nuclear speckle splicing regulatory protein 1-like,protein_coding;protein_coding,4,0.8,0,"SEDEF_SD,SRA,TR"
chr1,1716000,1717000,11.679377810570458,SKI,SKI proto-oncogene;nuclear speckle splicing regulatory protein 1-like,protein_coding;protein_coding,4,0.8,0,"SEDEF_SD,SRA,TR"
chr13,113407000,113408000,11.633971696993349,CFAP97D2,CFAP97 domain containing 2,protein_coding,0,100,141.2,"L1MB8#LINE/L1,L1MC4#LINE/L1,SEDEF_SD,TR"
chr17,1004000,1005000,11.60941238892482,ABR,ABR activator of RhoGEF and GTPase,protein_coding,0,100,69.3,"L2a#LINE/L2,SEDEF_SD,TR"
chr7,2491000,2492000,11.567233217422583,EIF3B,eukaryotic translation initiation factor 3 subunit B,protein_coding,15,0,0,SRA
chr10,125387000,125388000,11.535948808506843,LHPP,phospholysine phosphohistidine inorganic pyrophosphate phosphatase,protein_coding,0,100,300,"L1MC5#LINE/L1,L1MC5a#LINE/L1,SEDEF_SD,TR"
chr10,134432000,134433000,11.4949079514803,OR7M1P,,,28.799999999999997,74.4,0,"SEDEF_SD,SRA,TR"
chr5,1180000,1181000,11.448349816536002,TERT,telomerase reverse transcriptase,protein_coding,15.299999999999999,75.1,100,"L1M5#LINE/L1,SRA,TR"
chr5,1243000,1244000,11.42473495384327,CLPTM1L,CLPTM1 like,protein_coding,0,100,0,"SEDEF_SD,TR"
chr1,3093000,3094000,11.380467608099028,MEGF6,multiple EGF like domains 6,protein_coding,9.700000000000001,82.69999999999999,0,"SEDEF_SD,SRA,TR"
chr13,113035000,113036000,11.31979872178696,GAS6,GAS6 antisense RNA 1;growth arrest specific 6,lncRNA;protein_coding,37.7,46.800000000000004,4.6,"(GCCCT)n#Simple_repeat,SRA,TR"
chr13,113035000,113036000,11.31979872178696,GAS6-AS1,GAS6 antisense RNA 1;growth arrest specific 6,lncRNA;protein_coding,37.7,46.800000000000004,4.6,"(GCCCT)n#Simple_repeat,SRA,TR"
chr6,168129000,168130000,11.258201685624691,RPS6KA2,ribosomal protein S6 kinase A2,protein_coding,0,100,0,"SEDEF_SD,TR"
chr7,159819000,159820000,11.202014426387333,LOC124906652,,,0,0,100,L1MC5#LINE/L1
chr20,63573000,63574000,11.147881271856887,CDH4,cadherin 4,protein_coding,1.6,100,200,"L1MEf#LINE/L1,L2b#LINE/L2,SEDEF_SD,SRA,TR"
chr7,159820000,159821000,11.08613081732825,LOC124906653,,,0,0,100.89999999999999,"L1M5#LINE/L1,L1MC5#LINE/L1"
chr22,7558000,7559000,11.032047342058108,LOC124908435,,,82.1,2.9000000000000004,200.99999999999997,"(AT)n#Simple_repeat,GSATII#Satellite/centr,L1MB8#LINE/L1,SAT/SD,SEDEF_SD,SRA,TR"
chr11,633000,634000,10.935162824617349,PHRF1,PHD and ring finger domains 1,protein_coding,0,100,71.8,"L1ME1#LINE/L1,SEDEF_SD,TR"
chr2,860000,861000,10.89888866749982,LINC01115,long intergenic non-protein coding RNA 1115,lncRNA,28.499999999999996,67,66.3,"(CCTCATT)n#Simple_repeat,SRA,TR"
chr6,29797000,29798000,10.80932254873098,HLA-U,,,91.3,2.1,499.2,"(GGAG)n#Simple_repeat,HERV16-int#LTR/ERVL,L1ME3E#LINE/L1,L1PA10#LINE/L1,L2a#LINE/L2,L3#LINE/CR1,MER30#DNA/hAT-Charlie,MER30B#DNA/hAT-Charlie,SRA,TR"
chr21,2982000,2983000,10.723360361810427,LOC124908150,,,0,0,88.5,"BSR/Beta#Satellite,SAT/SD,SEDEF_SD"
chr7,159815000,159816000,10.634033670132526,LOC124906651,,,0,0,0,.
chr2,3749000,3750000,10.581591474060676,DCDC2C,doublecortin domain containing 2C,protein_coding,8,100,0,"SEDEF_SD,SRA,TR"
chr10,133721000,133722000,10.565818377555912,INPP5A,inositol polyphosphate-5-phosphatase A,protein_coding,10.7,85.2,15.8,"Charlie1a#DNA/hAT-Charlie,SRA,TR"
chr5,628000,629000,10.564161788305944,CEP72,centrosomal protein 72,protein_coding,3.5000000000000004,100,0,"SEDEF_SD,SRA,TR"
chr6,29793000,29794000,10.540695818408981,HCG4B,HLA complex group 4B,lncRNA,93.4,0,181.8,"G-rich#Low_complexity,L2#LINE/L2,L2a#LINE/L2,L3#LINE/CR1,SRA"
chr6,29793000,29794000,10.540695818408981,HLA-K,HLA complex group 4B,lncRNA,93.4,0,181.8,"G-rich#Low_complexity,L2#LINE/L2,L2a#LINE/L2,L3#LINE/CR1,SRA"
chr13,112600000,112601000,10.498885209970085,GRTP1,growth hormone regulated TBC protein 1,protein_coding,0,0,0,SEDEF_SD
chr14,100740000,100741000,10.279718656348868,IGH,immunoglobulin heavy locus,other,15.299999999999999,1.2,123.10000000000001,"L1M3de#LINE/L1,SRA,Tigger3a#DNA/TcMar-Tigger,TR"
chr6,160958000,160959000,10.116034046067513,HNRNPH1P1,superoxide dismutase 2,protein_coding,77.7,0,100,"L1MDa#LINE/L1,SEDEF_SD,SRA"
chr8,145859000,145860000,10.102877275337553,ARHGAP39,Rho GTPase activating protein 39,protein_coding,0,100,200,"L1MD#LINE/L1,L2#LINE/L2,SEDEF_SD,TR"
chr2,89755000,89756000,10.052263967006787,IGK,immunoglobulin kappa locus,other,0,100,100,"(CCAAGCCAG)n#Simple_repeat,SAT/SD,SEDEF_SD,TR"
chr7,73426000,73427000,9.855658720900623,CALN1,calneuron 1,protein_coding,6.7,0,345.7,"L1MB8#LINE/L1,L1MC#LINE/L1,L1ME3A#LINE/L1,L2b#LINE/L2,SEDEF_SD,SRA"
chr6,30886000,30887000,9.849799026461103,MUC22,mucin 22,protein_coding,55.800000000000004,28.9,400,"L1MC4#LINE/L1,L1MEc#LINE/L1,L2b#LINE/L2,LTR12C#LTR/ERV1,SRA,TR"
chr1,246561000,246562000,9.80542637427426,ZNF124,zinc finger protein 124,protein_coding,0.8999999999999999,77.8,200,"L1MB8#LINE/L1,SEDEF_SD,SRA,TR"
chr19,54680000,54681000,9.7809280365791,LINC01530,zinc finger protein 175;long intergenic non-protein coding RNA 1530,protein_coding;lncRNA,99,3.1,127.69999999999999,"AluY#SINE/Alu,MIR#SINE/MIR,SRA,Tigger18a#DNA/TcMar-Tigger,TR"
chr19,54680000,54681000,9.7809280365791,ZNF175,zinc finger protein 175;long intergenic non-protein coding RNA 1530,protein_coding;lncRNA,99,3.1,127.69999999999999,"AluY#SINE/Alu,MIR#SINE/MIR,SRA,Tigger18a#DNA/TcMar-Tigger,TR"
chr16,4372000,4373000,9.735916354638569,CORO7-PAM16,CORO7-PAM16 readthrough;presequence translocase associated motor 16,protein_coding;protein_coding,0,100,181.7,"L2d#LINE/L2,L2d2#LINE/L2,SEDEF_SD,TR"
chr16,4372000,4373000,9.735916354638569,PAM16,CORO7-PAM16 readthrough;presequence translocase associated motor 16,protein_coding;protein_coding,0,100,181.7,"L2d#LINE/L2,L2d2#LINE/L2,SEDEF_SD,TR"
chr13,113213000,113214000,9.735849220524232,RASA3,RAS p21 protein activator 3,protein_coding,30,8.1,100,"L1MB5#LINE/L1,SRA,TR"
chr7,159731000,159732000,9.733008859553408,PTPRN2,protein tyrosine phosphatase receptor type N2,protein_coding,22.8,9.1,17.1,"MamSINE1#SINE/tRNA-RTE,SEDEF_SD,SRA,TR"
chr6,2961000,2962000,9.722317079467834,RIPK1,receptor interacting serine/threonine kinase 1,protein_coding,0,100,113.1,"HAL1ME#LINE/L1,L1ME3G#LINE/L1,SEDEF_SD,TR"
chr12,132810000,132811000,9.684803890949482,ANKLE2,ankyrin repeat and LEM domain containing 2,protein_coding,54.1,0,381.2,"(TA)n#Simple_repeat,AluSx1#SINE/Alu,L1M5#LINE/L1,L1MC4a#LINE/L1,L1MD2#LINE/L1,L2#LINE/L2,MIR#SINE/MIR,SRA"
chr1,862000,863000,9.63345004986466,TMEM88B,transmembrane protein 88B,protein_coding,43.1,57.4,157.7,"GA-rich#Low_complexity,L1MEd#LINE/L1,SRA,TR"
chr11,1149000,1150000,9.610615422966404,MUC2,mucin 2%2C oligomeric mucus/gel-forming,protein_coding,0,100,0,"SEDEF_SD,TR"
chr18,80349000,80350000,9.593280346358613,RBFADN,RBFA downstream neighbor,lncRNA,0.4,2,2.5,"(C)n#Simple_repeat,SEDEF_SD,SRA,TR"
chr7,159813000,159814000,9.588790637071444,LOC124906650,,,0,0,21.8,(TGGTGG)n#Simple_repeat
chr13,13697000,13698000,9.5665589936004,FAM230C,family with sequence similarity 230 member C,lncRNA,65.10000000000001,0,103.2,"(TATATAT)n#Simple_repeat,AluY#SINE/Alu,HSATI#Satellite,SAT/SD,SEDEF_SD,SRA"
chr16,94803000,94804000,9.544604374248099,HSALR1,piezo type mechanosensitive ion channel component 1 (Er blood group);HSP90AB1 associated lncRNA 1,protein_coding;lncRNA,27.900000000000002,1.0999999999999999,0,"SRA,TR"
chr16,94803000,94804000,9.544604374248099,PIEZO1,piezo type mechanosensitive ion channel component 1 (Er blood group);HSP90AB1 associated lncRNA 1,protein_coding;lncRNA,27.900000000000002,1.0999999999999999,0,"SRA,TR"
chr17,30839000,30840000,9.494431535735936,SSH2,slingshot protein phosphatase 2,protein_coding,26.200000000000003,1.2,134.60000000000002,"L1PA4#LINE/L1,MER2#DNA/TcMar-Tigger,SRA,TR"
chr19,59275000,59276000,9.438312086904379,GALP,galanin like peptide,protein_coding,55.900000000000006,50.3,282.6,"(CTC)n#Simple_repeat,L1MA10#LINE/L1,L1MA8#LINE/L1,L2a#LINE/L2,SRA,TR"
chr2,3337000,3338000,9.427747849929366,EIPR1,EARP complex and GARP complex interacting protein 1,protein_coding,0,0,100,(CCCAT)n#Simple_repeat
chr9,149819000,149820000,9.411339733908854,DPH7,diphthamide biosynthesis 7,protein_coding,0,100,56.10000000000001,"L2a#LINE/L2,SEDEF_SD,TR"
chr19,54399000,54400000,9.401463060100845,IGLON5,IgLON family member 5,protein_coding,30.099999999999998,73.1,173,"L2a#LINE/L2,MSR1#Satellite,SAT,SRA,TR"
chr2,242558000,242559000,9.38421891947682,LINC01880,long intergenic non-protein coding RNA 1237;long intergenic non-protein coding RNA 1880,lncRNA;lncRNA,79.9,15.4,200,"L1MB7#LINE/L1,L1PA4#LINE/L1,SRA,TR"
chr7,159811000,159812000,9.350557719158104,LOC124906624,,,0,0,100,(TGGTGG)n#Simple_repeat
chr3,198589000,198590000,9.30101065385194,MUC4,mucin 4%2C cell surface associated,protein_coding,9.9,94.8,0,"SRA,TR"
chr19,59334000,59335000,9.259597773850174,ZSCAN5A,zinc finger and SCAN domain containing 5A,protein_coding,1.6,100,700,"L1M2#LINE/L1,L1MA9#LINE/L1,L1MB5#LINE/L1,L1ME1#LINE/L1,MER51E#LTR/ERV1,SRA,Tigger5#DNA/TcMar-Tigger,TR"
chr22,47122000,47123000,9.227678603226696,GRAMD4,GRAM domain containing 4,protein_coding,2.3,0,169,"L1MB3#LINE/L1,L1MB7#LINE/L1,SRA"
chr6,31167000,31168000,9.217509583028425,LINC02571,long intergenic non-protein coding RNA 2571,lncRNA,100,0,300,"ERV3-16A3_I#LTR/ERVL,L1ME4b#LINE/L1,L1PA8#LINE/L1,SRA"
chr20,65513000,65514000,9.213650680800734,RTEL1,regulator of telomere elongation helicase 1;RTEL1-TNFRSF6B readthrough (NMD candidate),protein_coding;lncRNA,0,100,200,"(ACCACC)n#Simple_repeat,(CCACCT)n#Simple_repeat,TR"
chr20,65513000,65514000,9.213650680800734,RTEL1-TNFRSF6B,regulator of telomere elongation helicase 1;RTEL1-TNFRSF6B readthrough (NMD candidate),protein_coding;lncRNA,0,100,200,"(ACCACC)n#Simple_repeat,(CCACCT)n#Simple_repeat,TR"
chr11,4299000,4300000,9.211706894945598,SSU72L5,SSU72 like 5,protein_coding,56.10000000000001,2.3,234.7,"L1MC3#LINE/L1,L1MC5a#LINE/L1,L1MEf#LINE/L1,MER65D#LTR/ERV1,MIR#SINE/MIR,SD,SEDEF_SD,SRA,TR"
chr6,227000,228000,9.198262150205263,LOC124906582,elastin-like,protein_coding,0,0,200,"L1MC4a#LINE/L1,SD,SEDEF_SD"
chr21,34879000,34880000,9.191627116207888,CLDN14,CLDN14 antisense RNA 1;claudin 14,lncRNA;protein_coding,46.300000000000004,55.00000000000001,55.00000000000001,"GA-rich#Low_complexity,SRA,TR"
chr21,34879000,34880000,9.191627116207888,CLDN14-AS1,CLDN14 antisense RNA 1;claudin 14,lncRNA;protein_coding,46.300000000000004,55.00000000000001,55.00000000000001,"GA-rich#Low_complexity,SRA,TR"
chr6,29819000,29820000,9.148237472068047,HCG4P4,,,71.2,2.9000000000000004,150.4,"AluJb#SINE/Alu,Charlie9#DNA/hAT-Charlie,L2a#LINE/L2,SRA,TR"
chr6,29819000,29820000,9.148237472068047,HLA-W,,,71.2,2.9000000000000004,150.4,"AluJb#SINE/Alu,Charlie9#DNA/hAT-Charlie,L2a#LINE/L2,SRA,TR"
chr7,57041000,57042000,9.140081170887823,LOC100419987,,,3.9,0,99,"GAP_chr7_49bp#Unknown,SAT/SD,SEDEF_SD,SRA,teucerv2_3edge#Unknown"
chr16,96090000,96091000,9.06861744446338,DBNDD1,dysbindin domain containing 1,protein_coding,27.6,55.900000000000006,0,"SRA,TR"
chr7,159808000,159809000,9.037476790380806,LOC124906623,,,0,0,100,(TGGTGG)n#Simple_repeat
chr12,129862000,129863000,9.025640886068746,TMEM132D,transmembrane protein 132D,protein_coding,0,100,200,"(AGGG)n#Simple_repeat,MLT1I#LTR/ERVL-MaLR,TR"
chr21,44680000,44681000,8.965697286771217,YBEY,ybeY metalloendoribonuclease,protein_coding,68.2,15.299999999999999,20.7,"(CCT)n#Simple_repeat,LTR8B#LTR/ERV1,SRA,TR"
chr6,31146000,31147000,8.89531316353834,RPL3P2,,,89.2,2.9000000000000004,495.09999999999997,"L1ME3A#LINE/L1,L1ME4c#LINE/L1,L1MEf#LINE/L1,L1PA13#LINE/L1,L1PA8A#LINE/L1,L1PREC2#LINE/L1,SEDEF_SD,SRA,TR"
chr21,7884000,7885000,8.869842070993279,LOC124908139,B melanoma antigen 3-like,protein_coding,0,0,250.3,"AluSx#SINE/Alu,AluY#SINE/Alu,L1M5#LINE/L1,L1MDb#LINE/L1,REP522#Unknown,SD,SEDEF_SD"
chr21,9385000,9386000,8.829640976099416,LINC01667,long intergenic non-protein coding RNA 1667,lncRNA,0,0,101.6,"SAT/SD,SEDEF_SD,SST1#Satellite/centr"
chr6,34506000,34507000,8.804922517907976,ILRUN,inflammation and lipid regulator with UBA-like and NBR1-like domains;small nucleolar RNA U13,protein_coding;snoRNA,98.5,4.2,337.9,"(AT)n#Simple_repeat,AluJo#SINE/Alu,AluJr#SINE/Alu,AluSc8#SINE/Alu,AluSx#SINE/Alu,AluY#SINE/Alu,L1MB5#LINE/L1,L1PA15#LINE/L1,SRA,TR,U13_#snRNA"
chr6,34506000,34507000,8.804922517907976,LOC124901535,inflammation and lipid regulator with UBA-like and NBR1-like domains;small nucleolar RNA U13,protein_coding;snoRNA,98.5,4.2,337.9,"(AT)n#Simple_repeat,AluJo#SINE/Alu,AluJr#SINE/Alu,AluSc8#SINE/Alu,AluSx#SINE/Alu,AluY#SINE/Alu,L1MB5#LINE/L1,L1PA15#LINE/L1,SRA,TR,U13_#snRNA"
chr16,95702000,95703000,8.59973532811614,DPEP1,dipeptidase 1,protein_coding,0,4.1000000000000005,0,"SEDEF_SD,TR"
chr14,1974000,1975000,8.511244486420598,LOC124907367,,,12.4,32,135,"(AGAA)n#Simple_repeat,(TTATGA)n#Simple_repeat,AluSx#SINE/Alu,BSR/Beta#Satellite,SAT/SD,SEDEF_SD,SRA,TR"
chr15,2035000,2036000,8.504736859617898,LOC105379566,endogenous retrovirus group K member 18 Pol protein,lncRNA,0,11.899999999999999,291.5,"COMP-subunit_ACRO_rnd-5_family-1625#Unknown,L1MB8#LINE/L1,L1PA10#LINE/L1,SAT/SD,SEDEF_SD,TR"
chr11,577000,578000,8.485868852566398,LOC124906938,collagen alpha-2(IV) chain-like,protein_coding,0,100,200,"L1MB1#LINE/L1,SAT-VAR_rnd-6_family-1509#Satellite,TR"
chr14,9860000,9861000,8.470267608873264,LOC124907486,5.8S ribosomal RNA,rRNA,0,0,183.7,"G-rich#Low_complexity,L1MD2#LINE/L1,MER45C#DNA/hAT-Tip100,SD,SEDEF_SD"
chr13,13655000,13656000,8.429916838785322,LOC101060145,,,73.9,1.5,98,"L2b#LINE/L2,L2c#LINE/L2,SD,SEDEF_SD,SRA,TR"
chr18,23412000,23413000,8.40672184148447,CABLES1,Cdk5 and Abl enzyme substrate 1,protein_coding,14.7,81.10000000000001,31.4,"L2c#LINE/L2,SRA,TR"
chr6,31141000,31142000,8.405258032960297,USP8P1,,,99.8,1.0999999999999999,409.3,"AluSx#SINE/Alu,L1ME1#LINE/L1,L1ME4c#LINE/L1,L1MEf#LINE/L1,L1PA13#LINE/L1,L1PA8A#LINE/L1,SRA,TR"
chr13,5355000,5356000,8.361164151160354,LOC124907012,endogenous retrovirus group K member 7 Env polyprotein-like,protein_coding,0,4.6,205.10000000000002,"ACRO1#Satellite/acro,COMP-subunit_ACRO_rnd-5_family-37#Unknown,L1MB8#LINE/L1,L1PA10#LINE/L1,SAT/SD,SEDEF_SD,TR"
chr7,57055000,57056000,8.359526784814975,LOC100507393,,,0,23.400000000000002,200,"GAP_chr7_49bp#Unknown,SAT/SD,SEDEF_SD,teucerv2_3edge#Unknown,TR"
chr13,20922000,20923000,8.310072899122103,LOC124907008,,,7.7,100,227.1,"(CACCAC)n#Simple_repeat,L1MA9#LINE/L1,L2#LINE/L2,L2d2#LINE/L2,SRA,TR"
chr1,723000,724000,8.239579925925915,ACAP3,sodium channel epithelial 1 subunit delta;ArfGAP with coiled-coil%2C ankyrin repeat and PH domains 3,protein_coding;protein_coding,0,0,0,.
chr6,32529000,32530000,8.22340512831822,MTCO3P1,,,100,0,360,"HERVFH19-int#LTR/ERV1,L1M5#LINE/L1,L1MD2#LINE/L1,SEDEF_SD,SRA"
chr17,3760000,3761000,8.216920048860946,CAMKK1,calcium/calmodulin dependent protein kinase kinase 1,protein_coding,79.9,1.2,257.2,"(T)n#Simple_repeat,AluSx#SINE/Alu,AluY#SINE/Alu,L1MC4#LINE/L1,L2c#LINE/L2,SRA,TR"
chr6,31226000,31227000,8.164393121738216,RNU6-283P,,,100,2.1999999999999997,514.9,"A-rich#Low_complexity,ERVL-E-int#LTR/ERVL,L1M5#LINE/L1,L1MB5#LINE/L1,L1MC5#LINE/L1,L1ME3B#LINE/L1,L1P3#LINE/L1,SRA,TR,U6#snRNA"
chr8,14817000,14818000,8.10306731052579,SGCZ,sarcoglycan zeta,protein_coding,27.900000000000002,2.6,289.2,"(AT)n#Simple_repeat,L2c#LINE/L2,L3#LINE/CR1,L3b#LINE/CR1,SRA,TR"
chr14,99196000,99197000,8.101838897857034,AHNAK2,AHNAK nucleoprotein 2,protein_coding,61.7,0,0,SRA
chr3,953000,954000,8.052799532701393,CNTN6,contactin 6,protein_coding,3.6999999999999997,97,119.9,"COMP-subunit_ACRO_rnd-5_family-1625#Unknown,L2#LINE/L2,SRA,TR"
chr21,38571000,38572000,8.052033126734514,DSCAM,DS cell adhesion molecule,protein_coding,58.9,0,100,"L3#LINE/CR1,SEDEF_SD,SRA"
chr14,98492000,98493000,7.992462696363338,LINC02691,long intergenic non-protein coding RNA 2691,lncRNA,0,0,22.900000000000002,"Charlie8#DNA/hAT-Charlie,SEDEF_SD"
chr10,60736000,60737000,7.9887307495848345,CCDC6,coiled-coil domain containing 6,protein_coding,0,0,377.3,"L1MC5a#LINE/L1,L1ME4b#LINE/L1,L4_A_Mam#LINE/RTE-X,SEDEF_SD"
chr20,65769000,65770000,7.978483912379729,UCKL1,uridine-cytidine kinase 1 like 1,protein_coding,34.300000000000004,3.9,0,"SRA,TR"
chr15,99511000,99512000,7.963366903663002,LOC124907511,,,0,98.4,1620.3,"COMP-subunit_DNM1_rnd-6_family-2176#Unknown,L1M1#LINE/L1,L1M5#LINE/L1,SD,SEDEF_SD,TR"
chr21,5652000,5653000,7.905151722886343,CDRT15P9,,,0,6.7,211.90000000000003,"AluSx#SINE/Alu,AluY#SINE/Alu,MER89-int#LTR/ERV1,SAT_rnd-1_family-0#Satellite,SAT/SD,SD,SEDEF_SD,TR"
chr13,22134000,22135000,7.8889216876611545,LOC124903230,collagen alpha-1(III) chain-like,protein_coding,93.30000000000001,7.5,174.2,"(CA)n#Simple_repeat,L2a#LINE/L2,L2d2#LINE/L2,SD,SEDEF_SD,SRA,TR"
chr15,4747000,4748000,7.871682671369,LOC124907564,,,0,5.800000000000001,144.79999999999998,"AluSx#SINE/Alu,AluY#SINE/Alu,MER89-int#LTR/ERV1,SD,SEDEF_SD,TR"
chr6,31251000,31252000,7.857302892735444,MICA-AS1,MICA antisense RNA 1,lncRNA,99.6,6.9,450.3,"(AC)n#Simple_repeat,AluJb#SINE/Alu,GA-rich#Low_complexity,L1M5#LINE/L1,L1MC4#LINE/L1,L1ME1#LINE/L1,L2a#LINE/L2,SEDEF_SD,SRA,TR"
chr20,65384000,65385000,7.844502454567456,HELZ2,helicase with zinc finger 2,protein_coding,0,100,99.5,"L1MC4#LINE/L1,SEDEF_SD,TR"
chr15,221000,222000,7.826243625140685,LOC124907559,,,0,0,101.6,"GAP_chr14-chr22_64bp#Unknown,SAT/SD,SEDEF_SD"
chr17,45838000,45839000,7.821768778896538,LOC112268183,,,18,1.0999999999999999,72.5,"(TGG)n#Simple_repeat,L2b#LINE/L2,SRA,TR"
chr22,23322000,23323000,7.780392468589355,IGL,immunoglobulin lambda locus;immunoglobulin lambda joining 2,other;J_segment,0,8.4,103.69999999999999,"(TCTG)n#Simple_repeat,L1MC5#LINE/L1,SEDEF_SD,TR"
chr22,23322000,23323000,7.780392468589355,IGLJ2,immunoglobulin lambda locus;immunoglobulin lambda joining 2,other;J_segment,0,8.4,103.69999999999999,"(TCTG)n#Simple_repeat,L1MC5#LINE/L1,SEDEF_SD,TR"
chr1,248185000,248186000,7.728926267136614,LYPD8,LY6/PLAUR domain containing 8,protein_coding,0,100,100,"L1MC5a#LINE/L1,SEDEF_SD,TR"
chr6,29743000,29744000,7.687744437328836,HCP5B,HLA complex P5B,lncRNA,91.7,0,289.9,"AluSp#SINE/Alu,L1ME3D#LINE/L1,L1PA10#LINE/L1,LTR16B2#LTR/ERVL,SRA"
chr3,111295000,111296000,7.669278391261181,CIP2A,cellular inhibitor of PP2A,protein_coding,34.4,4.3,633.6999999999999,"(TACATA)n#Simple_repeat,L1M5#LINE/L1,L1ME3A#LINE/L1,L1ME4b#LINE/L1,L2c#LINE/L2,SRA,Tigger17#DNA/TcMar-Tigger,TR"
chr14,1767000,1768000,7.652966525452258,LOC124907364,protein FAM104B-like,protein_coding,0,5.6000000000000005,213.49999999999997,"L1M3#LINE/L1,L1MB2#LINE/L1,L1PA2#LINE/L1,SD,SEDEF_SD,TR"
chr1,1764000,1765000,7.6504710161917044,MORN1,MORN repeat containing 1,protein_coding,49.1,9.1,201.7,"(CT)n#Simple_repeat,(TCTT)n#Simple_repeat,(TTCC)n#Simple_repeat,AluJb#SINE/Alu,L3#LINE/CR1,SRA,TR"
chr2,88870000,88871000,7.644413143175783,IGKJ1,immunoglobulin kappa locus;immunoglobulin kappa joining 3;immunoglobulin kappa joining 2;immunoglobulin kappa joining 1,other;J_segment;J_segment;J_segment,0,0,400,"L1MC#LINE/L1,L1ME3A#LINE/L1,L1ME4c#LINE/L1,L2b#LINE/L2"
chr2,88870000,88871000,7.644413143175783,IGKJ2,immunoglobulin kappa locus;immunoglobulin kappa joining 3;immunoglobulin kappa joining 2;immunoglobulin kappa joining 1,other;J_segment;J_segment;J_segment,0,0,400,"L1MC#LINE/L1,L1ME3A#LINE/L1,L1ME4c#LINE/L1,L2b#LINE/L2"
chr2,88870000,88871000,7.644413143175783,IGKJ3,immunoglobulin kappa locus;immunoglobulin kappa joining 3;immunoglobulin kappa joining 2;immunoglobulin kappa joining 1,other;J_segment;J_segment;J_segment,0,0,400,"L1MC#LINE/L1,L1ME3A#LINE/L1,L1ME4c#LINE/L1,L2b#LINE/L2"
chr17,82161000,82162000,7.630392414426666,SLC38A10,solute carrier family 38 member 10,protein_coding,38.3,0,0,SRA
chr8,145401000,145402000,7.609865818901646,MROH1,maestro heat like repeat family member 1,protein_coding,0,100,460.79999999999995,"L1M3#LINE/L1,L1M4#LINE/L1,L1MA4#LINE/L1,L1MB3#LINE/L1,L1MD#LINE/L1,TR"
chr11,36427000,36428000,7.608613888166576,COMMD9,COMM domain containing 9,protein_coding,26.8,3,406.59999999999997,"L1MD1#LINE/L1,L1MD2#LINE/L1,L1MDa#LINE/L1,L1ME3A#LINE/L1,L1ME5#LINE/L1,SRA,TR"
chr6,31269000,31270000,7.607916021237067,MICA,MHC class I polypeptide-related sequence A,protein_coding,79.5,0,100,"L1MB2#LINE/L1,SEDEF_SD,SRA"
chr5,7239000,7240000,7.582287230406562,LOC442132,,,26.5,0,233.70000000000002,"L1MB3#LINE/L1,L1MD3#LINE/L1,L1MEg#LINE/L1,MIR3#SINE/MIR,SEDEF_SD,SRA"
chr14,100959000,100960000,7.500448831540227,IGHV4-61,immunoglobulin heavy locus;immunoglobulin heavy variable 4-61,other;V_segment,47.3,1.5,277.8,"L1MCa#LINE/L1,L1ME1#LINE/L1,L1ME2#LINE/L1,LTR25-int#LTR/ERV1,MLT1B#LTR/ERVL-MaLR,SEDEF_SD,SRA,TR"
chr16,1200000,1201000,7.470229480681287,CACNA1H,calcium voltage-gated channel subunit alpha1 H,protein_coding,0,19.2,100,"L1MB5#LINE/L1,TR"
chr6,32908000,32909000,7.466183985278513,HLA-DPB1,major histocompatibility complex%2C class II%2C DP beta 1,protein_coding,99.8,0,191.79999999999998,"L1M3#LINE/L1,L1ME3B#LINE/L1,L1P3#LINE/L1,SRA"
chr19,58127000,58128000,7.461461923939036,GP6,GP6 antisense RNA 1;glycoprotein VI platelet,lncRNA;protein_coding,32.300000000000004,45.9,482.30000000000007,"(TATTGTA)n#Simple_repeat,L1MA5A#LINE/L1,L1MA8#LINE/L1,L1MB4#LINE/L1,L1MB5#LINE/L1,L1PB3#LINE/L1,L2a#LINE/L2,SRA,TR"
chr19,58127000,58128000,7.461461923939036,GP6-AS1,GP6 antisense RNA 1;glycoprotein VI platelet,lncRNA;protein_coding,32.300000000000004,45.9,482.30000000000007,"(TATTGTA)n#Simple_repeat,L1MA5A#LINE/L1,L1MA8#LINE/L1,L1MB4#LINE/L1,L1MB5#LINE/L1,L1PB3#LINE/L1,L2a#LINE/L2,SRA,TR"
chr15,2401000,2402000,7.412252194733392,LOC124907560,,,0,1.6,101.8,"(A)n#Simple_repeat,L1MB2#LINE/L1,SD,SEDEF_SD,TR"
chr6,31236000,31237000,7.407206000702953,ZDHHC20P2,,,100,0,104.4,"(TA)n#Simple_repeat,ERVL-B4-int#LTR/ERVL,SRA"
chr1,144433000,144434000,7.406937254785076,NBPF20,NBPF member 20,protein_coding,0,1.5,0,"SD,SEDEF_SD,TR"
chr13,112694000,112695000,7.3828023547517185,ADPRHL1,ADP-ribosylhydrolase like 1,protein_coding,0,0,0,SEDEF_SD
chr1,246796000,246797000,7.370021970874239,ZNF496-DT,ZNF496 divergent transcript,lncRNA,19.5,77.8,319.9,"(TC)n#Simple_repeat,L1PA16#LINE/L1,LTR49-int#LTR/ERV1,OldhAT1#DNA/hAT-Ac,SRA,TR"
chr7,142652000,142653000,7.365888107599738,TMEM178B,transmembrane protein 178B,protein_coding,4,100,100,"(CACCACCAC)n#Simple_repeat,SRA,TR"
chr8,145140000,145141000,7.361987969592578,PARP10,poly(ADP-ribose) polymerase family member 10,protein_coding,2.1,0,0,"SEDEF_SD,SRA"
chr6,31892000,31893000,7.341468318583491,CYP21A2,cytochrome P450 family 21 subfamily A member 2,protein_coding,46.6,1.7999999999999998,222.2,"FLAM_C#SINE/Alu,L2c#LINE/L2,L3#LINE/CR1,L3b#LINE/CR1,SD,SEDEF_SD,SRA,TR"
chr19,57854000,57855000,7.323416713568705,KIR2DL3,killer cell immunoglobulin like receptor%2C two Ig domains and long cytoplasmic tail 3,protein_coding,4.8,6.3,149,"(T)n#Simple_repeat,(TA)n#Simple_repeat,AluSp#SINE/Alu,AluSz#SINE/Alu,L1MA4#LINE/L1,SD,SEDEF_SD,SRA,TR"
chr9,42935000,42936000,7.322121900080048,CNN2P3,,,10.100000000000001,2.6,21.6,"(GT)n#Simple_repeat,AluSg7#SINE/Alu,SD,SEDEF_SD,SRA,TR"
chr10,1540000,1541000,7.320409139654262,ADARB2-AS1,adenosine deaminase RNA specific B2 (inactive);ADARB2 antisense RNA 1,protein_coding;lncRNA,18.9,77,0,"SRA,TR"
chr20,65421000,65422000,7.303834096855285,GMEB2,glucocorticoid modulatory element binding protein 2,protein_coding,0,100,66.9,"L1MC4#LINE/L1,SEDEF_SD,TR"
chr7,64950000,64951000,7.289277559505376,LOC124901642,,,26.3,0.8999999999999999,100,"SAT/SD,SEDEF_SD,SRA,teucerv2_3edge#Unknown,TR"
chr7,64950000,64951000,7.289277559505376,LOC124906639,,,26.3,0.8999999999999999,100,"SAT/SD,SEDEF_SD,SRA,teucerv2_3edge#Unknown,TR"
chr13,110451000,110452000,7.207023345631136,ARHGEF7,Rho guanine nucleotide exchange factor 7,protein_coding,45.800000000000004,9.4,408.4,"(ATATGT)n#Simple_repeat,(TA)n#Simple_repeat,L1MA3#LINE/L1,L1MB3#LINE/L1,L1MC5a#LINE/L1,MLT2A1#LTR/ERVL,MLT2B5#LTR/ERVL,SRA,TR"
chr15,4704000,4705000,7.2057345823637275,LOC124907653,18S ribosomal RNA,rRNA,0,12.8,101.89999999999999,"(CGCCGCC)n#Simple_repeat,L1PA10#LINE/L1,rDNA,SEDEF_SD,SSU-rRNA_Hsa#rRNA,TR"
chr18,77485000,77486000,7.2028107759424875,GALR1,galanin receptor 1,protein_coding,22.1,78.9,261.4,"(CACCACCAC)n#Simple_repeat,L2b#LINE/L2,MamRTE1#LINE/RTE-BovB,MIRb#SINE/MIR,SRA,TR"
chr13,13804000,13805000,7.192729684670964,BAGE5,BAGE family member 5,protein_coding,0,2.4,369.09999999999997,"(TG)n#Simple_repeat,L1M5#LINE/L1,L1MC5#LINE/L1,L2a#LINE/L2,L2c#LINE/L2,MIR#SINE/MIR,SD,SEDEF_SD,TR"
chr14,2773000,2774000,7.182438052130121,LOC124907456,18S ribosomal RNA,rRNA,0,12.8,120.7,"(CCG)n#Simple_repeat,(CGCGTG)n#Simple_repeat,(CGG)n#Simple_repeat,(CGTT)n#Simple_repeat,GA-rich#Low_complexity,MER45C#DNA/hAT-Tip100,rDNA,SEDEF_SD,SSU-rRNA_Hsa#rRNA,TR"
chr22,23059000,23060000,7.177720199715467,BCRP4,immunoglobulin lambda locus,other,0,1.4000000000000001,0,"SEDEF_SD,TR"
chr22,23059000,23060000,7.177720199715467,POM121L1P,immunoglobulin lambda locus,other,0,1.4000000000000001,0,"SEDEF_SD,TR"
chr2,418000,419000,7.148162512086896,LOC124905962,collagen alpha-2(I) chain-like,protein_coding,0,100,100,"L2d#LINE/L2,TR"
chr22,5717000,5718000,7.144281727245361,LOC124908489,18S ribosomal RNA,rRNA,0,14.6,58.199999999999996,"(CCGGCC)n#Simple_repeat,L1PA10#LINE/L1,rDNA,SEDEF_SD,SSU-rRNA_Hsa#rRNA,TR"
chr6,31233000,31234000,7.143028283543015,FGFR3P1,,,96.1,2,133.9,"ERVL-B4-int#LTR/ERVL,MER58B#DNA/hAT-Charlie,SRA,TR"
chr7,309000,310000,7.122708306969158,FAM20C,FAM20C golgi associated secretory pathway kinase,protein_coding,7.1,30,83.89999999999999,"Charlie8#DNA/hAT-Charlie,SEDEF_SD,SRA,TR"
chr9,148767000,148768000,7.071813446987936,NOTCH1,notch receptor 1,protein_coding,3.5999999999999996,0,200,"L1MB7#LINE/L1,L2d#LINE/L2,SEDEF_SD,SRA"
chr4,756000,757000,7.050516435717794,PCGF3,polycomb group ring finger 3,protein_coding,2.8000000000000003,100,300,"L1MB3#LINE/L1,L1MC1#LINE/L1,L1MEd#LINE/L1,SEDEF_SD,SRA,TR"
chr6,32225000,32226000,7.048085445406336,TSBP1-AS1,TSBP1 and BTNL2 antisense RNA 1,lncRNA,60.099999999999994,0,382.1,"AluSp#SINE/Alu,HUERS-P2-int#LTR/ERV1,L1M4#LINE/L1,L1M4c#LINE/L1,L1MA7#LINE/L1,L1PA15#LINE/L1,SRA"
chr19,52461000,52462000,7.047801818390198,ALDH16A1,aldehyde dehydrogenase 16 family member A1,protein_coding,2.4,0,168.3,"L1MC5a#LINE/L1,MSR1#Satellite,SAT,SRA"
chr9,42934000,42935000,7.0436000365744915,GXYLT1P6,,,20.9,10.5,44.7,"AluSg7#SINE/Alu,AluSx#SINE/Alu,SD,SEDEF_SD,SRA,TR"
chr17,83899000,83900000,7.024087535114172,B3GNTL1,UDP-GlcNAc:betaGal beta-1%2C3-N-acetylglucosaminyltransferase like 1,protein_coding,0,79.10000000000001,528.7,"L1M5#LINE/L1,L1MC4#LINE/L1,L1ME2#LINE/L1,L1ME3F#LINE/L1,L1MEg#LINE/L1,SD,SEDEF_SD,TR"
chr1,247829000,247830000,7.022714810724409,OR2T1,olfactory receptor family 2 subfamily T member 1,protein_coding,38.4,3.4000000000000004,10.7,"(TA)n#Simple_repeat,(TG)n#Simple_repeat,SRA,TR"
chr16,365000,366000,7.020896352864628,MRPL28,mitochondrial ribosomal protein L28,protein_coding,1.5,1.5,86.9,"(CCCGGC)n#Simple_repeat,SRA,TR"
chr11,1358000,1359000,7.0204996169800316,TOLLIP,toll interacting protein,protein_coding,60.8,83,144.79999999999998,"L1M4#LINE/L1,L1M6#LINE/L1,SRA,TR"
chr6,29664000,29665000,7.000649388255197,HCG4,HLA complex group 4,lncRNA,10.100000000000001,0,305.2,"ERV3-16A3_I#LTR/ERVL,G-rich#Low_complexity,L1ME3D#LINE/L1,L2c#LINE/L2,SRA"
chr6,29664000,29665000,7.000649388255197,HLA-V,HLA complex group 4,lncRNA,10.100000000000001,0,305.2,"ERV3-16A3_I#LTR/ERVL,G-rich#Low_complexity,L1ME3D#LINE/L1,L2c#LINE/L2,SRA"
chr14,1773000,1774000,6.983067382193168,LOC124907363,,,0,0,85.5,"L1MB2#LINE/L1,SD,SEDEF_SD"
chr7,363000,364000,6.981501960323933,LOC124906654,topoisomerase 1-associated factor 1-like,protein_coding,14.799999999999999,79.2,186.8,"AluJb#SINE/Alu,HAL1#LINE/L1,L1MC4#LINE/L1,SRA,TR"
chr22,25113000,25114000,6.976339803384072,BCRP3,,,8.200000000000001,1.4000000000000001,0,"SD,SEDEF_SD,SRA,TR"
chr22,25113000,25114000,6.976339803384072,POM121L10P,,,8.200000000000001,1.4000000000000001,0,"SD,SEDEF_SD,SRA,TR"
chr18,80083000,80084000,6.964054911607441,KCNG2,potassium voltage-gated channel modifier subfamily G member 2,protein_coding,0,100,200,"L1M4#LINE/L1,L1ME3Cz#LINE/L1,SEDEF_SD,TR"
chr21,3114000,3115000,6.953376384783366,MIR3648-1,RNA%2C 45S pre-ribosomal N2;microRNA 3648-1,rRNA;miRNA,0,4.2,5.1,"(CCCG)n#Simple_repeat,rDNA,SEDEF_SD,TR"
chr21,3114000,3115000,6.953376384783366,RNA45SN2,RNA%2C 45S pre-ribosomal N2;microRNA 3648-1,rRNA;miRNA,0,4.2,5.1,"(CCCG)n#Simple_repeat,rDNA,SEDEF_SD,TR"
chr19,54452000,54453000,6.902886908995059,ETFB,electron transfer flavoprotein subunit beta,protein_coding,98.6,1.7000000000000002,331.2,"AluSz#SINE/Alu,L2a#LINE/L2,L2c#LINE/L2,SRA,TR"
chr14,100958000,100959000,6.8945914592496615,IGHVII-60-1,immunoglobulin heavy locus,other,100,0,315.5,"L1MCa#LINE/L1,L1ME1#LINE/L1,L1ME2#LINE/L1,MLT1B#LTR/ERVL-MaLR,SEDEF_SD,SRA"
chr17,3575000,3576000,6.875520532215901,P2RX5,P2RX5-TAX1BP3 readthrough (NMD candidate);purinergic receptor P2X 5,lncRNA;protein_coding,0,0,133,"(GCCCCCC)n#Simple_repeat,L1MC4#LINE/L1,SEDEF_SD"
chr17,3575000,3576000,6.875520532215901,P2RX5-TAX1BP3,P2RX5-TAX1BP3 readthrough (NMD candidate);purinergic receptor P2X 5,lncRNA;protein_coding,0,0,133,"(GCCCCCC)n#Simple_repeat,L1MC4#LINE/L1,SEDEF_SD"
chr21,44363000,44364000,6.874498569765728,COL6A1,collagen type VI alpha 1 chain,protein_coding,52.2,39.800000000000004,33.1,"MER102a#DNA/hAT-Charlie,SRA,TR"
chr22,23068000,23069000,6.869687586615063,GGTLC2,immunoglobulin lambda locus;gamma-glutamyltransferase light chain 2,other;protein_coding,19,1.7000000000000002,123.2,"AluY#SINE/Alu,L2b#LINE/L2,SEDEF_SD,SRA,TR"
chr6,31219000,31220000,6.852133126337735,DHFRP2,,,100,5.2,624.6,"(GTTT)n#Simple_repeat,(TTATT)n#Simple_repeat,AluJb#SINE/Alu,HAL1#LINE/L1,L1M4a1#LINE/L1,L1ME1#LINE/L1,L1ME3A#LINE/L1,L1PREC2#LINE/L1,L2#LINE/L2,SEDEF_SD,SRA,TR"
chr22,50906000,50907000,6.822132137970847,PPP6R2,protein phosphatase 6 regulatory subunit 2,protein_coding,6.4,89.9,21.2,"HAL1#LINE/L1,SRA,TR"
chr6,29839000,29840000,6.816557578368832,HCG9,HLA complex group 9,lncRNA,81.6,1.7000000000000002,249.7,"(GAGAG)n#Simple_repeat,AluJb#SINE/Alu,L1ME3G#LINE/L1,L1PA3#LINE/L1,MIRc#SINE/MIR,SRA,TR"
chr6,29839000,29840000,6.816557578368832,MICD,HLA complex group 9,lncRNA,81.6,1.7000000000000002,249.7,"(GAGAG)n#Simple_repeat,AluJb#SINE/Alu,L1ME3G#LINE/L1,L1PA3#LINE/L1,MIRc#SINE/MIR,SRA,TR"
chr9,102580000,102581000,6.811017277085851,LINC01508,long intergenic non-protein coding RNA 1508,lncRNA,20.7,0,200,"L1MD#LINE/L1,LTR7#LTR/ERV1,SRA"
chr3,200376000,200377000,6.804781931676555,LOC112268458,keratinocyte proline-rich protein,protein_coding,0,100,308.59999999999997,"D20S16#Satellite,L2a#LINE/L2,L2b#LINE/L2,SAT,SEDEF_SD,TR"
chr6,29754000,29755000,6.781726012296598,HLA-H,,,77,0,100,"L2c#LINE/L2,SRA"
chr14,100963000,100964000,6.7735068085649415,IGHV3-62,immunoglobulin heavy locus,other,87.9,4.3,173,"L1ME2#LINE/L1,LTR25-int#LTR/ERV1,MER89-int#LTR/ERV1,SEDEF_SD,SRA,TR"
chr9,149607000,149608000,6.7562725298979815,EXD3,exonuclease 3'-5' domain containing 3,protein_coding,24.2,0,76.7,"(GGAGGAA)n#Simple_repeat,SRA"
chr6,29738000,29739000,6.724218654026386,LOC353009,,,100,0,147,"Charlie20a#DNA/hAT-Charlie,L2#LINE/L2,MLT1E2#LTR/ERVL-MaLR,SRA"
chr21,2305000,2306000,6.710046303070496,LOC124908128,,,0,2.8000000000000003,117.10000000000001,"MLT2B3#LTR/ERVL,SAT/SD,SATR1#Satellite,SD,SEDEF_SD,TR"
chr9,149037000,149038000,6.7095434301587895,CCDC183,coiled-coil domain containing 183,protein_coding,0.1,0,116.5,"L2#LINE/L2,L2a#LINE/L2,SEDEF_SD,SRA"
chr7,57063000,57064000,6.685552616227184,LOC124906667,,,8.1,0,99.5,"GAP_chr7_49bp#Unknown,SAT/SD,SEDEF_SD,SRA,teucerv2_3edge#Unknown"
chr12,1083000,1084000,6.68228322277846,ERC1,ELKS/RAB6-interacting/CAST family member 1,protein_coding,0,0,92,"(GTT)n#Simple_repeat,(TTA)n#Simple_repeat,SEDEF_SD"
chr11,1037000,1038000,6.679819640967096,AP2A2,adaptor related protein complex 2 subunit alpha 2,protein_coding,0,100,0,"SEDEF_SD,TR"
chr12,159000,160000,6.656322494522067,IQSEC3,IQ motif and Sec7 domain ArfGEF 3,protein_coding,11,1.4000000000000001,159.9,"L2d2#LINE/L2,L3b#LINE/CR1,SEDEF_SD,SRA,TR"
chr13,13643000,13644000,6.647893378269378,LOC124907100,putative glutathione hydrolase 3 proenzyme,protein_coding,88.8,1.0999999999999999,125.8,"L1PA3#LINE/L1,MIR#SINE/MIR,SD,SEDEF_SD,SRA,TR"
chr22,5675000,5676000,6.631082046014094,LOC124908527,5.8S ribosomal RNA,rRNA,0,5.3,4.5,"(TCCCCC)n#Simple_repeat,rDNA,SEDEF_SD,TR"
chr4,49237000,49238000,6.630256896952305,LOC124900865,,,0,1.3,203.10000000000002,"COMP-subunit_ACRO_rnd-5_family-37#Unknown,GSATII#Satellite/centr,L1MB8#LINE/L1,SAT/SD,SEDEF_SD,TR"
chr13,5618000,5619000,6.6269457612907505,LOC124907017,,,0,1.5,382.7,"(TGTGCTC)n#Simple_repeat,AluSq#SINE/Alu,Charlie5#DNA/hAT-Charlie,L1M4#LINE/L1,L1M5#LINE/L1,L1MC5#LINE/L1,L1ME3A#LINE/L1,MER5B#DNA/hAT-Charlie,SD,SEDEF_SD,TR"
chr6,65443000,65444000,6.618799274168185,EYS,eyes shut homolog,protein_coding,0,100,300,"(AAGAAGAAG)n#Simple_repeat,AluY#SINE/Alu,Charlie1a#DNA/hAT-Charlie,TR"
chr15,32330000,32331000,6.616106827756955,GOLGA8B,golgin A8 family member B,protein_coding,63.800000000000004,12.3,100,"COMP-subunit_DNM1_rnd-6_family-2176#Unknown,SD,SEDEF_SD,SRA,TR"
chr6,32565000,32566000,6.613687605932084,HLA-DQA2,major histocompatibility complex%2C class II%2C DQ alpha 2,protein_coding,73.7,1.3,274.3,"AluY#SINE/Alu,L1MC1#LINE/L1,L1MC5#LINE/L1,L2a#LINE/L2,ORSL#DNA/hAT-Tip100,SRA,TR"
chr3,38090000,38091000,6.613158854731821,DLEC1,DLEC1 cilia and flagella associated protein,protein_coding,58.5,43.6,191.5,"(TAG)n#Simple_repeat,L1MC5#LINE/L1,L2a#LINE/L2,SRA,TR"
chr21,10700000,10701000,6.596250157920133,BAGE2,,,0.3,100,293,"L1MC5#LINE/L1,L1ME4b#LINE/L1,L1PA17#LINE/L1,L2c#LINE/L2,SD,SEDEF_SD,SRA,TR"
chr9,40360000,40361000,6.592402632733306,CNN2P2,,,0,7.5,30.9,"AluSx1#SINE/Alu,SD,SEDEF_SD,TR"
chr6,32218000,32219000,6.584848971036024,TSBP1,TSBP1 and BTNL2 antisense RNA 1;testis expressed basic protein 1,lncRNA;protein_coding,100,1.3,212.3,"AluJr#SINE/Alu,L1MA9#LINE/L1,L1PA5#LINE/L1,SRA,TR"
chr6,29752000,29753000,6.5747053991094635,HCG4P7,,,100,1.0999999999999999,91.60000000000001,"L2c#LINE/L2,MLT1E3#LTR/ERVL-MaLR,SRA,TR"
chr18,76623000,76624000,6.5669940628359,ZNF516,zinc finger protein 516,protein_coding,89.5,0,0,SRA
chr9,43078000,43079000,6.5635858178484,LOC642929,,,0,0,235.9,"L1M1#LINE/L1,L1ME4a#LINE/L1,MLT1A#LTR/ERVL-MaLR,SD,SEDEF_SD"
chr21,9155000,9156000,6.555114492056295,LOC102723668,,,0,0,383.9,"L1MB2#LINE/L1,L1ME1#LINE/L1,L1ME3Cz#LINE/L1,L2b#LINE/L2,MIRb#SINE/MIR,SD,SEDEF_SD"
chr14,9863000,9864000,6.554177692883791,LOC124907400,,,0,1.2,107.80000000000001,"L1MD2#LINE/L1,SD,SEDEF_SD,SSU-rRNA_Hsa#rRNA,TR"
chr6,31303000,31304000,6.544815168500968,LINC01149,long intergenic non-protein coding RNA 1149,lncRNA,44.5,5.5,368.2,"(ATTA)n#Simple_repeat,ERVL-E-int#LTR/ERVL,L1M2#LINE/L1,L1PA3#LINE/L1,SRA,Tigger3b#DNA/TcMar-Tigger,TR"
chr6,31237000,31238000,6.541630162651125,HLA-S,,,99.9,3.5000000000000004,184.9,"(GT)n#Simple_repeat,ERV3-16A3_I#LTR/ERVL,ERVL-B4-int#LTR/ERVL,SRA,TR"
chr11,3696000,3697000,6.535386274153092,ART1,ADP-ribosyltransferase 1,protein_coding,58.8,0,138.6,"L2#LINE/L2,LTR7#LTR/ERV1,SRA"
chr1,247302000,247303000,6.533522344350662,TRIM58,tripartite motif containing 58,protein_coding,12.9,88.8,0,"SEDEF_SD,SRA,TR"
chr15,2176000,2177000,6.528528482783729,LOC124907536,protein FAM104B-like,protein_coding,21.9,4.7,226.29999999999998,"L1M3#LINE/L1,L1M4c#LINE/L1,L1MB2#LINE/L1,L1PA2#LINE/L1,SD,SEDEF_SD,SRA,TR"
chr20,322000,323000,6.50831558082153,C20orf96,chromosome 20 open reading frame 96,protein_coding,28.9,33.1,109.3,"(AAT)n#Simple_repeat,AluSg#SINE/Alu,L2a#LINE/L2,MER104#DNA/TcMar-Tc2,SRA,TR"
chr9,42766000,42767000,6.502189465602174,LOC101929583,,,0,4.6,214.1,"AluSx#SINE/Alu,AluY#SINE/Alu,L1PA3#LINE/L1,MER21B#LTR/ERVL,SD,SEDEF_SD,TR"
chr9,42766000,42767000,6.502189465602174,LOC105379443,,,0,4.6,214.1,"AluSx#SINE/Alu,AluY#SINE/Alu,L1PA3#LINE/L1,MER21B#LTR/ERVL,SD,SEDEF_SD,TR"
chr21,6547000,6548000,6.497366762726935,LOC124908136,,,50.4,1.6,182.5,"COMP-subunit_ACRO_rnd-5_family-37#Unknown,GSATII#Satellite/centr,L1MB8#LINE/L1,SAT/SD,SEDEF_SD,SRA,TR"
chr2,242070000,242071000,6.4764555233467265,BOK,BCL2 family apoptosis regulator BOK,protein_coding,0.8999999999999999,85,236,"L1M5#LINE/L1,L1MB5#LINE/L1,L2#LINE/L2,SRA,TR"
chr2,234416000,234417000,6.471873509683867,TRPM8,transient receptor potential cation channel subfamily M member 8,protein_coding,74,7.1,214.5,"(TCTT)n#Simple_repeat,AluYk2#SINE/Alu,L1MD2#LINE/L1,L1ME3A#LINE/L1,L2b#LINE/L2,MER96#DNA/hAT-Tip100,SRA,TR"
chr12,417000,418000,6.470972310282794,CCDC77,coiled-coil domain containing 77,protein_coding,6.800000000000001,0,110.7,"L1MB2#LINE/L1,L1MB3#LINE/L1,SEDEF_SD,SRA"
chr5,251000,252000,6.469455809054188,SDHA,succinate dehydrogenase complex flavoprotein subunit A,protein_coding,0,0,574.9,"L1MC5a#LINE/L1,L1ME1#LINE/L1,MER1B#DNA/hAT-Charlie,SD,SEDEF_SD"
chr7,159049000,159050000,6.466905424250912,LOC128966762,protein tyrosine phosphatase receptor type N2;extensin-like;PTPRN2 antisense RNA 1,protein_coding;protein_coding;lncRNA,33.900000000000006,82.89999999999999,100,"L2d#LINE/L2,SRA,TR"
chr7,159049000,159050000,6.466905424250912,PTPRN2-AS1,protein tyrosine phosphatase receptor type N2;extensin-like;PTPRN2 antisense RNA 1,protein_coding;protein_coding;lncRNA,33.900000000000006,82.89999999999999,100,"L2d#LINE/L2,SRA,TR"
chr19,53767000,53768000,6.4609817240156175,SHANK1,SH3 and multiple ankyrin repeat domains 1,protein_coding,37.8,32.300000000000004,191.79999999999998,"L2a#LINE/L2,SRA,TR"
chr19,57937000,57938000,6.441447313025608,KIR2DS4,killer cell immunoglobulin like receptor%2C two Ig domains and short cytoplasmic tail 4,protein_coding,24.7,1.5,122.7,"L1MA4#LINE/L1,MLT1D#LTR/ERVL-MaLR,SD,SEDEF_SD,SRA,TR"
chr2,86916000,86917000,6.434596777704946,RGPD1,RANBP2 like and GRIP domain containing 1,protein_coding,3.9,0,262.1,"(GGC)n#Simple_repeat,L1M5#LINE/L1,L2b#LINE/L2,SD,SEDEF_SD,SRA"
chr15,2189000,2190000,6.4345546065238945,LOC124907537,,,0.3,0,339.8,"GSATII#Satellite/centr,L1M4c#LINE/L1,L1MB2#LINE/L1,L1P3#LINE/L1,L1PA6#LINE/L1,SAT/SD,SEDEF_SD,SRA"
chr17,2244000,2245000,6.43200888841254,SGSM2,small G protein signaling modulator 2,protein_coding,0,100,200,"L1ME4b#LINE/L1,L1PB1#LINE/L1,SEDEF_SD,TR"
chr22,5759000,5760000,6.422812853395114,LOC124908431,,,0,5,195.70000000000002,"AluSx#SINE/Alu,AluY#SINE/Alu,MER89-int#LTR/ERV1,SAT_rnd-1_family-0#Satellite,SAT/SD,SD,SEDEF_SD,TR"
chr14,100040000,100041000,6.4086885667915965,IGHG3,immunoglobulin heavy locus;immunoglobulin heavy constant gamma 3 (G3m marker);immunoglobulin heavy constant gamma 3 (G3m marker),other;C_region;C_region,0,1.3,0,"SD,SEDEF_SD,TR"
chr8,12673000,12674000,6.4082155672472645,DEFB109A,family with sequence similarity 66 member A,lncRNA,7.3999999999999995,5.2,5.3,"(T)n#Simple_repeat,SD,SEDEF_SD,SRA,TR"
chr8,12673000,12674000,6.4082155672472645,FAM66A,family with sequence similarity 66 member A,lncRNA,7.3999999999999995,5.2,5.3,"(T)n#Simple_repeat,SD,SEDEF_SD,SRA,TR"
chr11,4344000,4345000,6.402964007047698,SSU72P6,,,9.1,1.7999999999999998,244.3,"L1MC3#LINE/L1,L1MC5a#LINE/L1,L2#LINE/L2,MIR#SINE/MIR,SD,SEDEF_SD,SRA,TR"
chr9,39855000,39856000,6.3868386341793,FGF7P3,,,0,3.5000000000000004,211.79999999999998,"AluSg7#SINE/Alu,L1PB3#LINE/L1,MER110-int#LTR/ERV1,PRIMA4-int#LTR/ERV1,SD,SEDEF_SD,TR"
chr7,993000,994000,6.379063097202064,GET4,guided entry of tail-anchored proteins factor 4,protein_coding,0,100,0,"SEDEF_SD,TR"
chr12,133148000,133149000,6.368082999091097,ZNF140,zinc finger protein 140,protein_coding,64.4,1.9,300,"L1MC1#LINE/L1,L1ME3B#LINE/L1,LTR5A#LTR/ERVK,SRA,TR"
chr6,31339000,31340000,6.3502796154915515,MICB-DT,MICB divergent transcript,lncRNA,9.6,5,461.8,"(TC)n#Simple_repeat,L1MA4A#LINE/L1,L1MC4#LINE/L1,L1ME3Cz#LINE/L1,L1MEg1#LINE/L1,L2b#LINE/L2,MER5A#DNA/hAT-Charlie,SEDEF_SD,SRA,TR"
chr6,29672000,29673000,6.345751945560185,HLA-P,,,72.3,1.5,204.6,"(GGCTGA)n#Simple_repeat,L1MA10#LINE/L1,L2a#LINE/L2,SRA,TR"
chr7,653000,654000,6.344026906184123,PRKAR1B,protein kinase cAMP-dependent type I regulatory subunit beta,protein_coding,0,100,100,"L1MD1#LINE/L1,SEDEF_SD,TR"
chr21,3120000,3121000,6.339199234953672,RNA28SN2,RNA%2C 45S pre-ribosomal N2;RNA%2C 28S ribosomal N2,rRNA;rRNA,0,12.4,108.60000000000001,"(CCGCCC)n#Simple_repeat,(GGC)n#Simple_repeat,LSU-rRNA_Hsa#rRNA,rDNA,SEDEF_SD,TR"
chr22,24393000,24394000,6.326443874060628,LOC128966701,,,3.9,5.3,134.60000000000002,"(TG)n#Simple_repeat,L2a#LINE/L2,MER11C#LTR/ERVK,SEDEF_SD,SRA,TR"
chr1,18884000,18885000,6.3166226987688585,LOC124905702,,,24.5,100,299.5,"(CCA)n#Simple_repeat,(CCATCA)n#Simple_repeat,L2c#LINE/L2,L2d2#LINE/L2,SRA,TR"
chr6,168678000,168679000,6.314364365013636,UNC93A,unc-93 homolog A,protein_coding,43.7,38,0,"SRA,TR"
chr19,57323000,57324000,6.310052335482873,LILRA6,leukocyte immunoglobulin like receptor A6,protein_coding,0,1.0999999999999999,428.9,"AluJr#SINE/Alu,HERVP71A-int#LTR/ERV1,L1MCc#LINE/L1,L1ME3B#LINE/L1,SEDEF_SD,TR"
chr1,16277000,16278000,6.309590332637605,MST1P2,,,0,0,114.7,"Charlie1a#DNA/hAT-Charlie,SD,SEDEF_SD,X4b_DNA#DNA/TcMar-Tigger"
chr22,6639000,6640000,6.3094981353873525,LOC124908445,histone-lysine N-methyltransferase 2C-like,protein_coding,0,0,100.89999999999999,"L4_A_Mam#LINE/RTE-X,MamRTE1#LINE/RTE-BovB,SD,SEDEF_SD"
chr10,50874000,50875000,6.2961324102777105,FAM21EP,,,7.000000000000001,1.7999999999999998,100,"REP522#Unknown,SD,SEDEF_SD,SRA,TR"
chr1,145833000,145834000,6.280813083975633,LOC124905730,,,0,4.8,204.99999999999997,"(CCT)n#Simple_repeat,L1PA3#LINE/L1,L2b#LINE/L2,SD,SEDEF_SD,TR"
chr8,12620000,12621000,6.280521007103786,DEFB108E,,,0,6.9,338.3,"AluSc8#SINE/Alu,GA-rich#Low_complexity,L1PA16#LINE/L1,L2c#LINE/L2,MLT1D#LTR/ERVL-MaLR,SD,SEDEF_SD,TR"
chr15,32329000,32330000,6.274256466731712,DNM1P5,,,13.200000000000001,2.9000000000000004,137.5,"COMP-subunit_DNM1_rnd-6_family-2176#Unknown,L1M5#LINE/L1,SD,SEDEF_SD,SRA,TR"
chr20,65909000,65910000,6.260442452021773,OPRL1,opioid related nociceptin receptor 1,protein_coding,1.6,100,0,"SRA,TR"
chr8,144637000,144638000,6.248745987222794,ZC3H3,zinc finger CCCH-type containing 3,protein_coding,11.3,90.10000000000001,100,"L1ME3#LINE/L1,SEDEF_SD,SRA,TR"
chr6,63099000,63100000,6.225820222780155,KHDRBS2,KH RNA binding domain containing%2C signal transduction associated 2,protein_coding,24.2,6.1,1,"(TG)n#Simple_repeat,SRA,TR"
chr7,151217000,151218000,6.225347275268348,ACTR3C,actin related protein 3C,protein_coding,0,21.3,721.9,"HERVE-int#LTR/ERV1,SAT-VAR_rnd-6_family-1442#Satellite,SAT/SD,SATR1#Satellite,SEDEF_SD,TR"
chr6,29764000,29765000,6.210093339902801,HLA-T,,,100,0,401,"AmnL2-1#LINE/L2,L1M4#LINE/L1,L1MD#LINE/L1,L1PB4#LINE/L1,MER21C#LTR/ERVL,MSTA#LTR/ERVL-MaLR,MSTB1#LTR/ERVL-MaLR,SRA"
chr8,12160000,12161000,6.207245510207373,LOC128966613,,,0,1.4000000000000001,190.1,"COMP-subunit_FAM90A_rnd-6_family-7382#Unknown,L1MB3#LINE/L1,SD,SEDEF_SD,TR"
chr21,1044000,1045000,6.185251315024213,LOC124908151,,,0,0,100,"COMP-subunit_LSAU-BSAT_rnd-1_family-1#Satellite,LSAU#Satellite,SAT"
chr12,130429000,130430000,6.179719471841898,PIWIL1,piwi like RNA-mediated gene silencing 1,protein_coding,17.8,100,91,"L1ME3F#LINE/L1,SRA,TR"
chr1,31289000,31290000,6.176323174335625,SERINC2,serine incorporator 2,protein_coding,59.5,44.7,61,"(GATAGGGTG)n#Simple_repeat,MIRb#SINE/MIR,SRA,TR"
chr22,21538000,21539000,6.173358922773234,LOC124908409,putative POM121-like protein 1,protein_coding,10.5,5.7,304.09999999999997,"AluSp#SINE/Alu,AluSx#SINE/Alu,AluY#SINE/Alu,L1PA6#LINE/L1,L2c#LINE/L2,SD,SEDEF_SD,SRA,TR"
chr2,97987000,97988000,6.168323079080711,ANKRD36B,ankyrin repeat domain 36B,protein_coding,0,0,159.20000000000002,"L1MA3#LINE/L1,L1PA3#LINE/L1,SD,SEDEF_SD"
chr13,112801000,112802000,6.162222777425361,TMCO3,transmembrane and coiled-coil domains 3,protein_coding,56.00000000000001,31,363,"L1M5#LINE/L1,L1MB5#LINE/L1,L1PA15#LINE/L1,SRA,TR"
chr13,9345000,9346000,6.146295822516843,LOC124907243,18S ribosomal RNA,rRNA,0,7.3999999999999995,170.4,"(CCGGCC)n#Simple_repeat,(CGCC)n#Simple_repeat,L1PA10#LINE/L1,rDNA,SEDEF_SD,SSU-rRNA_Hsa#rRNA,TR"
chr19,57300000,57301000,6.134378864385024,LILRB3,leukocyte immunoglobulin like receptor B3,protein_coding,34.9,1.2,19.7,"MIR3#SINE/MIR,SEDEF_SD,SRA,TR"
chr14,2780000,2781000,6.123965478929698,LOC124907474,28S ribosomal RNA,rRNA,0,9,67,"(CG)n#Simple_repeat,(CGTC)n#Simple_repeat,(GCCGCG)n#Simple_repeat,LSU-rRNA_Hsa#rRNA,rDNA,SEDEF_SD,TR"
chr10,46034000,46035000,6.120157368857164,RSU1P2,,,100,1.7999999999999998,221,"AluSq#SINE/Alu,L2#LINE/L2,LTR41#LTR/ERVL,LTR46-int#LTR/ERV1,MIRb#SINE/MIR,SRA,TR"
chr1,247880000,247881000,6.114535038963016,OR2T7,olfactory receptor family 2 subfamily T member 7,protein_coding,35.6,0,38.4,"Arthur1#DNA/hAT-Tip100,SD,SEDEF_SD,SRA"
chr4,188582000,188583000,6.10697708264707,SNX25,sorting nexin 25,protein_coding,96.39999999999999,3,39.5,"(TTTTGT)n#Simple_repeat,AluY#SINE/Alu,SRA,TR"
chr6,32414000,32415000,6.105073596854704,HLA-DRB1,major histocompatibility complex%2C class II%2C DR beta 1,protein_coding,5,0,189.3,"L1MA8#LINE/L1,L2a#LINE/L2,L2b#LINE/L2,SEDEF_SD,SRA"
chr21,230000,231000,6.0924243770764805,LOC107987360,,,0,1.5,155,"GSATII#Satellite/centr,SAT/SD,SEDEF_SD,TAR1#Satellite/subtelo,TR"
chr9,39824000,39825000,6.092160324696647,GLIDR,glioblastoma down-regulated RNA,lncRNA,0,0,525.6,"AluJr#SINE/Alu,L1M3#LINE/L1,L1M4#LINE/L1,L1M4c#LINE/L1,L1MB3#LINE/L1,MER90#LTR/ERV1,MIRb#SINE/MIR,SD,SEDEF_SD,Tigger1#DNA/TcMar-Tigger"
chr11,3509000,3510000,6.0906910673021395,ENPP7P15,,,40.6,7.8,147,"AluSx#SINE/Alu,AluY#SINE/Alu,FLAM_C#SINE/Alu,L1MC5a#LINE/L1,MLT1F#LTR/ERVL-MaLR,SD,SEDEF_SD,SRA,TR"
chr6,379000,380000,6.0873990489495435,EXOC2,exocyst complex component 2,protein_coding,0,0,200,"L1MEb#LINE/L1,L1PA8#LINE/L1,SEDEF_SD"
chr5,177640000,177641000,6.062660608071035,FGFR4,fibroblast growth factor receptor 4,protein_coding,48.3,28.7,0,"SRA,TR"
chr13,12084000,12085000,6.053552974683096,LOC128966589,,,0,7.3999999999999995,452.29999999999995,"(AC)n#Simple_repeat,GA-rich#Low_complexity,L1MB2#LINE/L1,L1ME3Cz#LINE/L1,L2b#LINE/L2,MER90#LTR/ERV1,SAT-VAR_rnd-1_family-9#Satellite,SAT/SD,SD,SEDEF_SD,SST1#Satellite/centr,TR"
chr21,3111000,3112000,6.048185941979827,MIR6724-1,microRNA 6724-1,miRNA,0,1.2,43.4,"(CGAGCCG)n#Simple_repeat,FordPrefect#DNA/hAT-Tip100,rDNA,SEDEF_SD,TR"
chr15,23265000,23266000,6.045443501683575,LINC02250,long intergenic non-protein coding RNA 2250,lncRNA,0,0,82.1,L1MEi#LINE/L1
chr14,2774000,2775000,6.0389788486654705,LOC124907484,5.8S ribosomal RNA,rRNA,0,15.2,11.600000000000001,"(CGT)n#Simple_repeat,(TCCCCC)n#Simple_repeat,MER45C#DNA/hAT-Tip100,rDNA,SEDEF_SD,TR"
chr22,29582000,29583000,6.038405994385632,KREMEN1,kringle containing transmembrane protein 1,protein_coding,0,0,300,"L1MB7#LINE/L1,L1ME1#LINE/L1,SEDEF_SD"
chr22,42805000,42806000,6.034853235208643,TCF20,transcription factor 20,protein_coding,50.8,39.7,138.39999999999998,"L2b#LINE/L2,MIRb#SINE/MIR,SEDEF_SD,SRA,TR"
chr15,32216000,32217000,6.0309809778391905,GOLGA8A,golgin A8 family member A,protein_coding,0,1.6,200,"L1MB3#LINE/L1,L1ME3G#LINE/L1,SD,SEDEF_SD,TR"
chr15,32216000,32217000,6.0309809778391905,LOC100422491,golgin A8 family member A,protein_coding,0,1.6,200,"L1MB3#LINE/L1,L1ME3G#LINE/L1,SD,SEDEF_SD,TR"
chr6,31347000,31348000,6.0212145798885786,MICB,MICB divergent transcript;MHC class I polypeptide-related sequence B,lncRNA;protein_coding,36.5,2.1,31,"AluSx#SINE/Alu,SEDEF_SD,SRA,TR"
chr11,3194000,3195000,6.014206799824219,OSBPL5,oxysterol binding protein like 5,protein_coding,38.800000000000004,17.9,200,"L1MEd#LINE/L1,L2#LINE/L2,SRA,TR"
chr1,18746000,18747000,6.012440643876849,IFFO2,intermediate filament family orphan 2,protein_coding,95.8,7.6,125.6,"(AGGCC)n#Simple_repeat,(ATGG)n#Simple_repeat,L2c#LINE/L2,MIRc#SINE/MIR,SRA,TR"
